State Police Directive Required Annual FY Mileage Tracking Worksheet,,,,,,,,,,,,,,,,,,,
University Vehicles by Department,,,,,,,,,,,,,,,,,,,
,Vehicle Information,,,,,,,,,,,,,,,,,,
Department Name,VIN #,Vehicle #,License #,Pool/Leased Vehicle,Year,Make,Model,6/30/2022 Odometer Reading,6/30/2023 Odometer Reading,Annual Mileage,Annual FY Mileage Alternate Tracking Method - Outline below,,,,,,,,
FAC MGMT,1HSLRTVN8EHA57283,123,28 632S,,1984,International,S1900 Truck Tractor,"214,397","214,496",99, , ,,,,,,,
FAC MGMT,1GCHC23U97F198170,426,54 649S,,2007,Chevrolet,Silverado P/U,"50,842","52,450","1,608", , ,,,,,,,
FAC MGMT,1GCHC23U27F199645,427,50 256S,,2007,Chevrolet,Silverado P/U,"58,641","60,853","2,212", , ,,,,,,,
FAC MGMT,1GDP7F13X7F419319,433,50 281S,,2007,GMC,"T7500 Cab, Chassis & Mulch Blower","15,812","16,420",608, , ,,,,,,,
FAC MGMT,1FTNF20588ED38336,442,56 185S,,2008,Ford,F250 P/U,"76,270","78,776","2,506", , ,,,,,,,
FAC MGMT,1FDXF47R88ED57042,445,56 200S,,2008,Ford,F450 Dump Truck,"33,444","35,491","2,047", , ,,,,,,,
FAC MGMT,1GNDV23W080207000,450,57 955S,,2008,Chevrolet,Uplander LE       pass van,"29,295","29,942",647,, ,,,,,,,
FAC MGMT,1FTLR1EE3BPA39219,487,58 800S,,2011,Ford,Ranger P/U,"20,793","21,700",907, , ,,,,,,,
FAC MGMT,1FDOW4GY4BEC41756,492,60 055S,,2011,Ford,F450,"30,046","32,956","2,910", , ,,,,,,,
FAC MGMT,1FD0X5HT1BEC96106,496,60 057S,,2011,Ford,F550 4WD SD SC,"23,812","25,017","1,205", , ,,,,,,,
FAC MGMT,1GTR1TEX7BZ185688,497,60 054S,,2011,GMC,Sierra  Ext Cab P/U,"30,270","32,850","2,580", , ,,,,,,,
FAC MGMT,1GD01ZCG2BF221976,500,60 060S,,2011,GMC,Sierra P/U,"50,644","52,534","1,890", , ,,,,,,,
FAC MGMT,1GD312CG9BF248144,503,60 059S,,2011,GMC,Sierra,"22,528","24,038","1,510", , ,,,,,,,
FAC MGMT,NM0LS6BNXBT068095,511,60 065S,,2011,Ford,Transit Connect Wagon,"36,988","39,847","2,859", , ,,,,,,,
FAC MGMT,1GC0KVCG8BF165388,512,60 070S,,2011,Chevrolet,Silverado 2500 P/U,"80,751","83,123","2,372", , ,,,,,,,
FAC MGMT, JALC4W161C7001580,515,60 068S,,2012,Isuzu,NPR Box Van,"43,533","46,193","2,660", , ,,,,,,,
FAC MGMT,NM0KS9CN6BT059213,518,60 071S,,2011,Ford,Transit Connect Wagon,"14,947","15,507",560, , ,,,,,,,
FAC MGMT,1GB3CZCG5BF260156,521,62 148S,,2011,Chevrolet,Silverado 3500 P/U,"34,143","35,904","1,761", , ,,,,,,,
FAC MGMT,1G1PC5SH6C7152696,522,60 073S,,2012,Chevrolet,Cruze,"27,269","27,834",565, , ,,,,,,,
FAC MGMT,1GD01ZCGXBF248083,524,60 075S,,2011,GMC,Sierra 2500,"51,189","53,602","2,413", , ,,,,,,,
FAC MGMT,1GD372BG1B1158936,525,62 150S,,2011,GMC,Savana 3500 Box Van,"55,999","59,307","3,308", , ,,,,,,,
FAC MGMT,1GCGTBF93C8114751,526,62 306S,,2012,Chevrolet,Colorado P/U,"17,678","19,555","1,877", , ,,,,,,,
FAC MGMT,1GD01ZCG3BF264495,527,62 311S,,2011,GMC,Sierra P/U,"34,531","37,066","2,535", , ,,,,,,,
FAC MGMT,NM0LS6BN6CT081833,531,62 335S,,2012,Ford,Transit Connect XLT Van,"40,843","47,255","6,412", , ,,,,,,,
FAC MGMT,1GD01ZCG6CF133515,532,62 656S,,2012,GMC,Sierra C2500 HD P/U Utility Body,"34,196","36,987","2,791", , ,,,,,,,
FAC MGMT,NM0LS6BN6CT082206,536,62 673S,,2012,Ford,Transit Connect XLT Van,"33,453","33,597",144, , ,,,,,,,
FAC MGMT,1GCCSBF92C8115309,538,62 672S,,2012,Chevrolet,Colorado P/U,"28,712","31,285","2,573", , ,,,,,,,
FAC MGMT,1GTW7GCA9C1149699,541,62 680S,,2012,GMC,Savana Van,"30,777","31,777","1,000", , ,,,,,,,
FAC MGMT,NM0LS6BN8CT089965,542,62 681S,,2012,Ford,Transit Connect XLT Van,"16,510","17,290",780, , ,,,,,,,
FAC MGMT,3GCPKSE73CG123205,544,63 656S,,2012,Chevrolet,Silverado 1500 LT Crew Cab 4WD,"16,882","20,309","3,427", , ,,,,,,,
FAC MGMT,1GB0CVCG0CF184181,545,63 684S,,2012,Chevrolet,Silverado 2500HD Reg. Cab Utility Body,"27,604","31,414","3,810", , ,,,,,,,
FAC MGMT,1GB0CVCG3CF150414,548,63 683S,,2012,Chevrolet,Silverado 2500HD Reg. Cab Utility Body,"35,388","38,582","3,194", , ,,,,,,,
FAC MGMT,1GB0CVCG6CF134269,549,63 689S,,2012,Chevrolet,Silverado 2500HD Reg. Cab Utility Body,"25,660","28,012","2,352", , ,,,,,,,
FAC MGMT,1GD01ZCG0DF152854,565,64 332S,,2013,GMC,Sierra 2500 HD,"38,433","40,586","2,153", , ,,,,,,,
FAC MGMT,NM0LS6BN8DT140639,567,64 336S,,2013,Ford,Transit Connect XLT,"43,815","47,305","3,490", , ,,,,,,,
FAC MGMT,1GB0CVCG1DF184790,569,65 775S,,2013,Chevrolet,Silverado 2500HD Utility Body,"31,263","34,431","3,168", , ,,,,,,,
FAC MGMT,1GCWGFBA5E1115435,580,65 846S,,2014,Chevrolet,Express Cargo Van,"30,764","32,229","1,465", , ,,,,,,,
FAC MGMT,1GD322CGXEF150645,581,65 847S,,2014,GMC,Sierra 3500 w/dump,"39,117","43,039","3,922", , ,,,,,,,
FAC MGMT,NM0LS7DN3DT130149,583,67 460S,,2013,Ford,Transit Connect XLT,"15,532","19,047","3,515", , ,,,,,,,
FAC MGMT,1GNSHBF46E1164546,584,67 452S,,2014,Chevrolet,Express 1500 Van,"20,200","21,592","1,392", , ,,,,,,,
FAC MGMT,1GCSGAFX9E1162337,585,67 451S,,2014,Chevrolet,Express 1500 Van,"34,239","36,937","2,698", , ,,,,,,,
FAC MGMT,1FTFW1EF3EFB11058,586,67 449S,,2014,Ford,F150 4x4 P/U       Crew Cab,"18,071","21,516","3,445", , ,,,,,,,
FAC MGMT,NM0LS7DNXDT164122,587,67 450S,,2013,Ford,Transit Connect XLT,"18,140","20,989","2,849", , ,,,,,,,
FAC MGMT,NM0LS7BN0DT170398,588,76 541S,,2013,Ford,Transit Connect XLT,"23,173","26,959","3,786", , ,,,,,,,
FAC MGMT,1FT7X2A61FEA35344,589,67 492S,,2015,Ford,F250 Supercab P/U,"25,772","28,204","2,432", , ,,,,,,,
FAC MGMT,1FT7X2A6XFEA41417,590,67 474S,,2015,Ford,F250 Supercab P/U,"27,287","30,700","3,413", , ,,,,,,,
FAC MGMT,1FDRF3HT3FEA23785,591,67 476S,,2015,Ford,F350 4X4,"38,495","42,302","3,807", , ,,,,,,,
FAC MGMT,1GCWGFCA1E1149466,592,67 477S,,2014,Ford,F350 4X4,"80,593","93,783","13,190", , ,,,,,,,
FAC MGMT,1FVHCYCY5EHFR8547,593,67 490S,,2014,Freightliner,Crane Truck,"7,354","7,354",0, , ,,,,,,,
FAC MGMT,1FT7X2A6XFEA59089,594,67 491S,,2015,Ford,F250 Supercab,"43,362","46,964","3,602", , ,,,,,,,
FAC MGMT,1FTBF2B63FEA41416,595,67 489S,,2015,Ford,F250 4X4,"32,444","35,678","3,234", , ,,,,,,,$0.00
FAC MGMT,1FDWE3FL3EDA82851,598,68 106S,,2014,Ford,E350 Cutaway,"41,925","44,092","2,167", , ,,,,,,,
FAC MGMT,1N6BD0CT2EN740014,599,68 111S,,2014,Nissan,Frontier S,"20,436","21,661","1,225", , ,,,,,,,
FAC MGMT,1FM5K8B87FGA41755,600,68 110S,,2015,Ford,Explorer,"13,537","15,352","1,815", , ,,,,,,,
FAC MGMT,NM0LE6E7XE1154768,635,68 115S,,2014,Ford,Transit Connect XL Van,"32,419","37,639","5,220", , ,,,,,,,
FAC MGMT,NM0AE8F71E1151145,636,68 122S,,2014,Ford,Transit Connect XLT Wagon,"21,422","23,876","2,454", , ,,,,,,,
FAC MGMT,1FDUF5HY5FEA99008,637,68 153S,,2015,Ford,F-550,"37,571","41,985","4,414", , ,,,,,,,
FAC MGMT,1GB3G2CG8E1199172,638,68 152S,,2014,Chevrolet,G35 Express,"47,380","52,660","5,280", , ,,,,,,,
FAC MGMT,1GB3KYCG7FF525470,639,68 158S,,2015,Chevrolet,Silverado 4WD,"47,070","51,982","4,912", , ,,,,,,,
FAC MGMT,1GB3KYCG0FF506386,640,68 166S,,2015,Chevrolet,Silverado 3500 4WD,"17,190","20,304","3,114", , ,,,,,,,
FAC MGMT,1FDRF3H63FEB37733,641,68 165S,,2015,Ford,F350,"31,873","34,468","2,595", , ,,,,,,,
FAC MGMT,NM0LS7E75F1177066,643,68 193S,,2015,Ford,Transit Connect XL Van,"23,680","26,152","2,472", , ,,,,,,,
FAC MGMT,NM0LS7E78F1177062,644,68 200S,,2015,Ford,Transit Connect XL Van,"32,936","37,380","4,444", , ,,,,,,,
FAC MGMT,1GCHTAEA7F1159909,645,68 198S,,2015,Chevrolet,Colorado Ext Cab P/U,"60,689","65,490","4,801", , ,,,,,,,
FAC MGMT,NM0LS7E71F1187836,647,68 199S,,2015,Ford,Transit Connect XL Van,"12,362","13,423","1,061", , ,,,,,,,
FAC MGMT,NM0LS7E7XF1188712,648,69 462S,,2015,Ford,Transit Connect XL Van,"44,812","47,568","2,756", , ,,,,,,,
FAC MGMT,2G1WA5E31F1136845,650,68 867S,,2015,Chevrolet,Impala,"8,603","9,490",887, , ,,,,,,,
FAC MGMT,1GCWGFCG1F1210000,652,69 471S,,2015,Chevrolet,Express 2500,"18,742","22,128","3,386", , ,,,,,,,
FAC MGMT,NM0LS7E76F1208020,654,69 497S,,Ford,2015,Transit Connect XL Van,"21,068","24,231","3,163", , ,,,,,,,
FAC MGMT,1GTH6BEAXG1102988,656,69 498S,,2016,GMC,Canyon,"46,317","49,708","3,391", , ,,,,,,,
FAC MGMT,1GTH6AEA1F1155104,657,69 917S,,2015,GMC,Canyon,"20,753","23,231","2,478", , ,,,,,,,
FAC MGMT,1GTH5BEA6G1112498,659,69 938S,,2016,GMC,Canyon Ext Cab,"16,415","19,384","2,969", , ,,,,,,,
FAC MGMT,1GC4KYCG3FF649865,660,69 919S,,2015,Chevrolet,Silverado Crew Cab,"22,376","24,231","1,855", , ,,,,,,,
FAC MGMT,1FTNR2CM3FKB11211,661,69 920S,,2015,Ford,Transit 250 Mid Roof,"19,525","21,739","2,214", , ,,,,,,,
FAC MGMT,1GD01XEG7FZ523091,662,69 940S,,2015,GMC,Sierra 2500,"37,978","42,121","4,143", , ,,,,,,,
FAC MGMT,3GCPCPEHXFG397458,663,70 453S,,2015,Chevrolet,Silverado 1500,"47,194","53,078","5,884", , ,,,,,,,
FAC MGMT,1FM5K8B87GGA78497,664,70 474S,,2016,Ford,Explorer,"7,671","8,584",913, , ,,,,,,,
FAC MGMT,1FTYE1ZM2GKA06459,665,70 476S,,2016,Ford,Transit,"21,531","23,115","1,584", , ,,,,,,,
FAC MGMT,1GC0KUEG4FZ103210,666,70 473S,,2015,Chevrolet,Silverado 2500,"14,716","16,264","1,548", , ,,,,,,,
FAC MGMT,1GB0CUEG6FZ515694,667,70 478S,,2015,Chevrolet,Silverado 2500,"32,739","37,087","4,348", , ,,,,,,,
FAC MGMT,1GT02VEG3GZ160764,668,70 479S,,2016,GMC,Sierra 3500,"6,616","7,431",815, , ,,,,,,,
FAC MGMT,1C4NJDBB8GD632448,670,70 496S,,2016,Jeep,Compass,"15,409","17,324","1,915", , ,,,,,,,
FAC MGMT,3N63M0YN0FK726313,671,70 495S,,2015,Chevrolet,City Express LS,"7,892","9,110","1,218", , ,,,,,,,
FAC MGMT,NM0LS7E7XG1242088,674,71 055S,,2016,Ford,Transit Connect XL,"20,672","25,673","5,001", , ,,,,,,,
FAC MGMT,NM0AE8F75G1241496,675,71 054S,,2016,Ford,Transit Connect XLT Wagon,"10,110","12,258","2,148", , ,,,,,,,
FAC MGMT,1C4NJDBB6GD581581,677,71 098S,,2016,Jeep,Compass Sport,"16,496","19,532","3,036", , ,,,,,,,
FAC MGMT,1FTYE1ZM9GKA99237,679,71 969S,,2016,Ford,Transit,"7,059","8,101","1,042", , ,,,,,,,
FAC MGMT,1FTYE1ZM2GKA99242,680,71 968S,,2016,Ford,Transit,"18,196","21,970","3,774", , ,,,,,,,
FAC MGMT,1GC1CUEG9GF199758,681,71 970S,,2016,Chevrolet,Silverado 2500,"15,503","18,484","2,981", , ,,,,,,,
FAC MGMT,1GCHTBE3XG1297131,687,71 991S,,2016,Chevrolet,Colorado Ext Cab P/U,"23,103","26,139","3,036", , ,,,,,,,
FAC MGMT,1FD8X3HT4GEC33077,688,72 796S,,2016,Ford,F350 Extd Cab,"33,634","40,159","6,525", , ,,,,,,,
FAC MGMT,NM0GE9E70G1276660,689,71 992S,,2016,Ford,Transit Connect XL Wagon LWB,"9,187","10,446","1,259", , ,,,,,,,
FAC MGMT,NM0LS7E78G1278748,700,72 789S,,2016,Ford,Transit Connect XL Van,"17,070","19,673","2,603", , ,,,,,,,
FAC MGMT,1GT11REG5GF278220,702,72 790S,,2016,GMC,Sierra Crew Cab w/liftgate,"14,571","16,851","2,280", , ,,,,,,,
FAC MGMT,1FTBF2A68HEE58258,703,74 162S,,2017,Ford,F250 w/tommy gate lift gate,"23,034","26,242","3,208", , ,,,,,,,
FAC MGMT,1FDUF5HYXHEB93114,706,72 795S,,2017,Ford,F550 4x4 DumpTruck,"27,984","33,441","5,457", , ,,,,,,,
FAC MGMT,NM0LS7E75G1291375,708,73 105S,,2016,Ford,Transit Connect Van,"10,707","12,904","2,197", , ,,,,,,,
FAC MGMT,1GTH5BEA8G1383479,709,73 106S,,2016,GMC,Canyon,"13,741","15,976","2,235", , ,,,,,,,
FAC MGMT,NM0LS7E74G1259209,712,73 109S,,2016,Ford,Transit Connect XL Van LWB,"13,474","16,847","3,373", , ,,,,,,,
FAC MGMT,1FTYR1CM9GKB14042,714,73 115S,,2016,Ford,Transit Van,"13,606","15,524","1,918", , ,,,,,,,
FAC MGMT,1FTYR1CM5GKA99264,717,73 124S,,2016,Ford,Transit 250 Van,"28,195","32,481","4,286", , ,,,,,,,
FAC MGMT,NM0LS7E75G1241463,718,73 118S,,2016,Ford,Transit Connect XL Van LWB,"18,626","23,774","5,148", , ,,,,,,,
FAC MGMT,1FDNF7AY8HDB04186,719,73 122S,,2017,Ford,F750 Dump Truck w/snowblade&salt spreader,"8,227","8,773",546, , ,,,,,,,
FAC MGMT,1FDUF4HY8HEB86124,720,73 121S,,2017,Ford,F450 Dump Truck w/salt spreader,"23,351","27,313","3,962", , ,,,,,,,
FAC MGMT,1FDUF4HYXHEB86125,721,73 123S,,2017,Ford,F450 4x4 Reg Cab,"18,581","21,171","2,590", , ,,,,,,,
FAC MGMT,NM0LS7E72G1272296,722,73 119S,,2016,Ford,Transit Connect XL Van LWB,"13,227","15,854","2,627", , ,,,,,,,
FAC MGMT,1FDUF4HY6HEB86123,723,73 125S,,2017,Ford,F450 4x4 Reg Chasis Cab,"16,967","19,513","2,546", , ,,,,,,,
FAC MGMT,NM0LS7E7XG1269999,725,73 126S,,2016,Ford,Transit Connect XL Van LWB,"7,206","8,836","1,630", , ,,,,,,,
FAC MGMT,1FDUF4HY2HEB80108,726,73 127S,,2017,Ford,F450 4x4 Reg Chasis Cab,"18,219","21,398","3,179", , ,,,,,,,
FAC MGMT,1FTYR1CM0GKA94831,727,73 128S,,2016,Ford,Transit 250 Van,"13,396","14,607","1,211", , ,,,,,,,
FAC MGMT,NMOAE8FX4G1261125,728,73 131S,,2016,Ford,Transit Connect XLT Wagon SWB,"9,329","11,271","1,942", , ,,,,,,,
FAC MGMT,NMOAE8F70G1254589,729,73 130S,,2016,Ford,Transit Connect XLT Wagon SWB,"10,497","12,469","1,972", , ,,,,,,,
FAC MGMT,NMOLS7E78G1233759,730,73 133S,,2016,Ford,Transit Connect XL Van LWB,"17,020","20,556","3,536", , ,,,,,,,
FAC MGMT,1FTBF2B66HED45262,731,73 134S,,2017,Ford,F250 4x4 Reg Cab SS SRW,"22,141","26,454","4,313", , ,,,,,,,
FAC MGMT,1GT11REG1HF104775,732,73 135S,,2017,GMC,Sierra P/U 2WD Crew Cab,"18,819","21,976","3,157", , ,,,,,,,
FAC MGMT,1GT01REG3HZ237225,733,73 136S,,2017,GMC,Sierra P/U 2WD Reg Cab,"12,742","15,807","3,065", , ,,,,,,,
FAC MGMT,1GCHTBEN9H1181955,734,73 137S,,2017,Chevrolet,Colorado P/U 4x4,"18,646","21,467","2,821", , ,,,,,,,
FAC MGMT,NMOAS8F70H1325803,735,73 138S,,2017,Ford,Transit Connect XLT Wagon SWB,"14,890","17,036","2,146", , ,,,,,,,
FAC MGMT,NMOLS7E70G1252063,736,73 139S,,2016,Ford,Transit Connect XL Van LWB,"23,512","29,338","5,826", , ,,,,,,,
FAC MGMT,1GCNCPEX3BZ284007,737,73 148S,,2011,Chevrolet,Silverado 1500,"55,148","57,183","2,035", , ,,,,,,,
FAC MGMT,1FTYR1ZM7GKA23259,740,73 145S,,2016,Ford,Transit 250 Cargo Van,"29,413","32,629","3,216", , ,,,,,,,
FAC MGMT,1FTYR1ZM9GKA30410,741,73 146S,,2016,Ford,Transit 250 Cargo Van,"27,040","28,561","1,521",, ,,,,,,,
FAC MGMT,1FTYR1ZM5GKA23258,742,73 147S,,2016,Ford,Transit 250 Cargo Van,"35,641","39,094","3,453",, ,,,,,,,
FAC MGMT,1GCHSBEA5H1223957,743,74 154S,,2017,Chevrolet,Colorado 2WD Ext. Cab,"17,549","21,117","3,568",, ,,,,,,,
FAC MGMT,3C6TRVDG0HE516277,744,74 153S,,2017,Dodge,Ram Promaster Van,"36,126","39,634","3,508",, ,,,,,,,
FAC MGMT,ZFBERFAB3H6G39115,747,74 160S,,2017,Dodge,Ram Promaster City Van,"12,434","15,457","3,023",, ,,,,,,,
FAC MGMT,ZFBERFAB4H6G42038,748,74 161S,,2017,Dodge,Ram Promaster City Van,"9,523","12,033","2,510",, ,,,,,,,
FAC MGMT,1GTW7AFF3H1117939,750,74 158S,,2017,GMC,Savana Van,"7,738","8,372",634,, ,,,,,,,
FAC MGMT,ZFBERFAT8G6B83720,751,74 157S,,2016,Dodge,Ram Promaster City Cargo Van,"23,793","26,438","2,645",, ,,,,,,,
FAC MGMT,1GTN1LEC4GZ904558 ,752,74 164S,,2016,GMC,Sierra 1500 P/U,"23,107","25,128","2,021",, ,,,,,,,
FAC MGMT, 1N6BD0CT5GN711450,757,74 171S,,2016,Nissan,Frontier P/U,"28,687","32,450","3,763",, ,,,,,,,
FAC MGMT,1GB3GSCG5H1239910,758,74 167S,,2017,Chevrolet,Express 3500 Box Van,"29,711","34,976","5,265",, ,,,,,,,
FAC MGMT,3N63M0ZN2HK720353,759,74 166S,,2017,Chevrolet,City Express Van,"4,503","5,540","1,037",, ,,,,,,,
FAC MGMT,1FTMF1E58JKC65751,762,74 168S,,2018,Ford,F150 P/U,"12,209","14,249","2,040",, ,,,,,,,
FAC MGMT,3C6TRVDG6HE512539,763,74 173S,,2017,Dodge,Ram 2500 High Roof Cargo Van,"25,216","26,623","1,407",, ,,,,,,,
FAC MGMT,3ALACWFC6JDJX4023,766,74 174S,,2018,Freightliner,M2 106 Truck w/Heil PT 1000 13 cubic yard compactor,"42,955","52,299","9,344",, ,,,,,,,
FAC MGMT,3N63M0YN0HK719428,768,74 175S,,2017,Chevrolet,City Express Cargo Van,"15,681","19,058","3,377",, ,,,,,,,
FAC MGMT,1FTBF2B6XJEB31462,769,74 176S,,2018,Ford,F250 4x4 P/U,"15,129","18,373","3,244",, ,,,,,,,
FAC MGMT,1GAWGFFG2H1136948,773,74 185S,,2017,Chevrolet,Express 2500       12-Pass Van,"39,511","42,603","3,092",, ,,,,,,,
FAC MGMT,1N6BD0CT5GN785483,775,74 178S,,2016,Nissan,Frontier P/U,"19,253","21,781","2,528",, ,,,,,,,
FAC MGMT,1FTYR1YM2HKA71030,776,74 179S,,2017,Ford,Transit 250         cargo van,"22,584","27,101","4,517",, ,,,,,,,
FAC MGMT,1E9EA15S4JP363168,777,5823L      (low speed),,2018,E-Ride,Patriot Electric LSV,"5,528","7,173","1,645",, ,,,,,,,
FAC MGMT,1N6AD0CW0JN727925,778,74 180S,,2018,Nissan,Frontier P/U 4x4,"16,876","20,651","3,775",, ,,,,,,,
FAC MGMT,1N6BD0CTXHN742212,779,74 181S,,2017,Nissan,Frontier P/U ,"17,098","20,450","3,352",, ,,,,,,,
FAC MGMT,1N6AD0CW0HN755024,780,74 182S,,2017,Nissan,Frontier P/U 4x4,"20,764","23,130","2,366",, ,,,,,,,
FAC MGMT,1FD7W2A63JEB31922,781,74 183S,,2018,Ford,F250 P/U crew cab w/lift gate,"13,370","16,905","3,535",, ,,,,,,,
FAC MGMT,1FTYR2YM9JKA44502,782,75 601S,,2018,Ford,Transit 250         cargo van,"65,785","91,641","25,856",, ,,,,,,,
FAC MGMT,1FDBF2A66JEB41614,783,74 186S,,2018,Ford,F250 w/reading utility body,"13,057","16,298","3,241",, ,,,,,,,
FAC MGMT,1GB3CYCGXJZ250407,784,74 187S,,2018,Chevrolet,Silverado 3500 P/U,"6,114","7,194","1,080",, ,,,,,,,
FAC MGMT,NM0LS7E73H1335293,785,74 190S,,2017,Ford,Transit Connect XL Cargo Van,"8,038","10,020","1,982",, ,,,,,,,
FAC MGMT,1FTBF2B69JEB84315,786,74 189S,,2018,Ford,F250 4x4 P/U w/snow plow,"8,973","10,552","1,579",, ,,,,,,,
FAC MGMT,1FM5K8B8XJGB04887,787,74 193S,,2018,Ford,Explorer,"8,219","9,498","1,279",, ,,,,,,,
FAC MGMT,1FDNF6AY8JDF02255,788,74 195S,,2018,Ford,F650 w/switch & go body,"7,950","10,084","2,134",, ,,,,,,,
FAC MGMT,1N4AZ1CP7JC312931,789,75 634S,,2018,Nissan,Leaf S,"4,771","5,772","1,001",, ,,,,,,,
FAC MGMT,1FVHG3FE3KHKS7792,790,76 516S,,2019,Freightliner,114SD Vactor Pumper Truck,"3,493","4,948","1,455",, ,,,,,,,
FAC MGMT,1FDUF5GY4JEB23387,799,75 606S,,2018,Ford,F550 w/service crane,"6,887","9,087","2,200",, ,,,,,,,
FAC MGMT,1FTBF2A62KEC12569,816,75 628S,,2019,Ford,F250 4x2 w/lift gate,"7,310","8,840","1,530",, ,,,,,,,
FAC MGMT,3N63M0ZN2HK719381,817,75 611S,,2018,Chevrolet,City Express w/glass in doors,"17,210","21,832","4,622",, ,,,,,,,
FAC MGMT,1FTBF2A66JEC65323,818,75 618S,,2018,Ford,F250 4x2 w/lift gate,"7,997","9,383","1,386",, ,,,,,,,
FAC MGMT,NM0LS7E79J1368983,819,75 614S,,2018,Ford,Transit Connect XL LWB Van,"5,373","7,114","1,741",, ,,,,,,,
FAC MGMT,1FDUF5HY6KDA03029,820,76 517S,,2019,Ford,F550 w/Terex LT40 Bucket,"21,537","29,555","8,018",, ,,,,,,,
FAC MGMT,1FT7W2A65KEC43482,821,76 504S,,2019,Ford,F250 4x2 Crew Cab,"10,055","13,027","2,972",, ,,,,,,,
FAC MGMT,1FT7W2A67KEC43483,822,76 505S,,2019,Ford,F250 4x2 Crew Cab,"12,135","15,737","3,602",, ,,,,,,,
FAC MGMT,3N63M0ZN2HK719705,824,75 617S,,2017,Chevrolet,City Express          cargo van,"5,674","6,536",862,, ,,,,,,,
FAC MGMT,1FDBF2A66KEC61172,825,76 513S,,2019,Ford,F250 w/XLHybrid System,"17,838","23,406","5,568",, ,,,,,,,
FAC MGMT,1FDBF2A66KEC61171,826,76 512S,,2019,Ford,F250 w/XLHybrid System,"18,049","21,580","3,531",, ,,,,,,,
FAC MGMT,1FDWE3F6XKDC08564,827,76 520S,,2019,Ford,F350 Box Van w/rail liftgate & XLHybrid System,"8,631","12,249","3,618",, ,,,,,,,
FAC MGMT,1FDWE3F61KDC08565,828,76 519S,,2019,Ford,F350 Box Van w/rail liftgate & XLHybrid System,"13,145","18,897","5,752",, ,,,,,,,
FAC MGMT,1FTYR1ZM7HKB10063,830,75 626S,,2018,Ford,Transit 250      cargo van,"19,079","20,265","1,186",, ,,,,,,,
FAC MGMT,1FDWE3FS6HDC32205,831,75 627S,,2017,Ford,E350 15' Box Van,"26,175","26,513",338,, ,,,,,,,
FAC MGMT,NM0GS9F76J1360853,833,75 642S,,2018,Ford,Transit Connect XLT (LWB) Van,"7,043","8,773","1,730",, ,,,,,,,
FAC MGMT,1FTYE1ZM0JKA02157,834,75 645S,,2018,Ford,Transit 150 low roof cargo van,"19,775","21,309","1,534",, ,,,,,,,
FAC MGMT,1GD07RFGXJ1262569,835,75 643S,,2018,GMC,Savana 2500 Cutaway w/12' Box & Lift Gate,"5,392","7,597","2,205",, ,,,,,,,
FAC MGMT,1E9EB25S7JP363197,836,5828L,,2019,E-Ride Industries,EXV4 Patriot,"2,150","2,499",349,, ,,,,,,,
FAC MGMT,1N6BD0CT4HN745526,861,75 644S,,2017,Nissan,Frontier              King Cab 4x2,"14,822","17,327","2,505",, ,,,,,,,
FAC MGMT,1N6BD0CT0HN734460,862,75 640S,,2017,Nissan,Frontier              King Cab 4x2,"15,261","19,625","4,364",, ,,,,,,,
FAC MGMT,1N6AD0EV6JN759069,863,75 647S,,2018,Nissan,Frontier V6        Crew Cab 4x4,"5,667","6,244",577,, ,,,,,,,
FAC MGMT,1FTBF2B62KED14369,866,76 509S,,2019,Ford,F250 4x4 sing cab long bed,"16,401","21,667","5,266",, ,,,,,,,
FAC MGMT,1N4AZ1CP3JC303675,867,75 649S,,2018,Nissan,Leaf SV,"4,617","5,481",864,, ,,,,,,,
FAC MGMT,1FDUF4HY0KDA07877,868,76 514S,,2019,Ford,F550 Dump Truck 4x4,"9,597","11,640","2,043",, ,,,,,,,
FAC MGMT,3N6CM0KN2HK694301,869,76 507S,,2017,Nissan,NV200 S cargo van,"4,611","6,130","1,519",, ,,,,,,,
FAC MGMT,1N4AL3AP7JC299744,870,76 508S,,2018,Nissan,Altima,"7,511","9,692","2,181",, ,,,,,,,
FAC MGMT,1FTYR2ZM1JKA84295,872,76 523S,,2018,Ford,Transit250 Low Roof Cargo Van,"45,958","54,958","9,000",, ,,,,,,,
FAC MGMT,1FTYE9ZM1JKA43332,873,76 522S,,2018,Ford,Transit150 Low Roof Cargo Van,"26,411","28,935","2,524",, ,,,,,,,
FAC MGMT,1FT7X2B61KEF19944,874,78 552S,,2019,Ford,F250 with Knapheide Gooseneck Body,"12,193","17,151","4,958",,Added,,,,,,,
FAC MGMT,1N4AZ1CP3KC308117,876,76 531S,,2019,Nissan,Leaf SV,"3,150","4,461","1,311",, ,,,,,,,
FAC MGMT,1N4AZ1CPXKC308633,877,76 532S,,2019,Nissan,Leaf S,"2,559","3,351",792,, ,,,,,,,
FAC MGMT,1FDBF2B68KEF81771,881,76 547S,,2019,Ford,F250 4x4 w/lift gate,"9,539","13,533","3,994",, ,,,,,,,
FAC MGMT,1N4AZ1CP9JC311506,886,76 527S,,2018,Nissan,Leaf SV,"4,321","6,112","1,791",, ,,,,,,,
FAC MGMT,1FTMF1CB6KKE70849,888,78 553S,,2019,Ford,F150 2WD,"10,215","17,845","7,630",,Added,,,,,,,
FAC MGMT,3N6CM0KN7GK699251,889,76 534S,,2016,Nissan,NV200 S cargo van,"23,456","25,016","1,560",, ,,,,,,,
FAC MGMT,3N6CM0KN9KK705365,890,76 535S,,2019,Nissan,NV200 S cargo van,"3,491","4,448",957,, ,,,,,,,
FAC MGMT,3N6CM0KN3KK699532,891,76 536S,,2019,Nissan,NV200 S cargo van,"6,828","9,626","2,798",, ,,,,,,,
FAC MGMT,1GTH5BEA3K1138727,892,76 537S,,2019,GMC,Canyon 2WD      Ext Cab,"8,897","10,778","1,881",, ,,,,,,,
FAC MGMT,1GTH5BEA2K1194738,893,76 538S,,2019,GMC,Canyon 2WD      Ext Cab,"5,621","7,317","1,696",, ,,,,,,,
FAC MGMT,1E9EB25S7KP363234,894,5834L,,2019,E-Ride,Patriot MXV4,"2,194","2,676",482,, ,,,,,,,
FAC MGMT,54DCDW1B2KS807501,895,78 555S,,2019,Chevrolet,"4500 LCF 16"" Box Van w/liftgate","16,745","23,768","7,023",, ,,,,,,,
FAC MGMT,NM0GS9E24K1417090,896,76 549S,,2019,Ford,Transit Connect,"6,899","8,869","1,970",, ,,,,,,,
FAC MGMT,1GCHSBEA0L1174787,897,78 566S,,2020,Chevrolet,Colorado 2WD      Ext. Cab,"8,123","11,506","3,383",, ,,,,,,,
FAC MGMT,2C4RC1H78JR230575,898,76 548S,,2018,Chrysler,Pacifica Hybrid,"13,385","18,533","5,148",, ,,,,,,,
FAC MGMT,1FTYR1ZM7JKA65440,907,76 546S,,2018,Ford,Transit250 Low Roof Cargo Van,"18,051","19,951","1,900",, ,,,,,,,
FAC MGMT,NM0LS7E2XK1384468,910,78 558S,,2018,Ford,Transit Connect,"2,251","2,727",476,, ,,,,,,,
FAC MGMT,1GTH5BEA5K1359553,911,78 557S,,2019,GMC,Canyone Base,"7,028","8,648","1,620",, ,,,,,,,
FAC MGMT,1FTYR1YM7JKA99167,912,78 559S,,2018,Ford,Transit250 ,"11,823","13,587","1,764",, ,,,,,,,
FAC MGMT,1FTYR1ZM1JKA89815,913,78 560S,,2018,Ford,Transit250,"18,310","22,328","4,018",, ,,,,,,,
FAC MGMT,1FTYR1ZM8JKB37990,915,78 565S,,2018,Ford,Transit250,"37,979","49,186","11,207",, ,,,,,,,
FAC MGMT,1FTYR1YM4JKB16569,916,78 562S,,2018,Ford,Transit250,"25,770","37,374","11,604",, ,,,,,,,
FAC MGMT,1N6BD0CT9HN760555,917,78 556S,,2017,Nissan,Frontier 4x2,"25,236","27,846","2,610",, ,,,,,,,
FAC MGMT,2C4RC1H78JR172659,918,78 561S,,2018,Chrysler,Pacifica Hybrid,"5,340","9,729","4,389",, ,,,,,,,
FAC MGMT,1FT7W2B66LED69480,921,78 598S,,2020,Ford,F250 4x4 crew cab w/stake body,"5,781","8,271","2,490",, ,,,,,,,
FAC MGMT,1FDRF3C69LED69479,922,78 595S,,2020,Ford,F350 w/Knapheide Svc Body & Liftmore Svc Crane,"5,773","9,198","3,425",, ,,,,,,,
FAC MGMT,1FDRF3A66LED09646,923,78 579S,,2020,Ford,F350 reg. cab w/utility body & lift gate,"9,774","13,604","3,830",, ,,,,,,,
FAC MGMT,1FDUFGN5LDAO5850,924,78 593S,,2020,Ford,F550 Reg Cab Utility Body w/Svc Crane,"4,202","7,300","3,098",, ,,,,,,,
FAC MGMT,1FTMF1E51LKE10695,925,78 580S,,2020,Ford,F150 P/U,"7,481","10,002","2,521",, ,,,,,,,
FAC MGMT,NM0LS7E23K1384473,926,78 569S,,2019,Ford,Transit Connect,"6,083","8,603","2,520",, ,,,,,,,
FAC MGMT,3N6CM0KN2KK712299,927,78 571S,,2019,Nissan,NV200,"2,003","2,821",818,, ,,,,,,,
FAC MGMT,3N6CM0KN2KK708947,928,78 570S,,2019,Nissan,NV200,"4,326","5,291",965,, ,,,,,,,
FAC MGMT,1N6BD0CT4JN766303,930,78 575S,,2018,Nissan,Frontier S,"7,537","9,795","2,258",, ,,,,,,,
FAC MGMT,1N6BD0CT8KN797216,931,78 572S,,2019,Nissan,Frontier S,"6,299","9,007","2,708",, ,,,,,,,
FAC MGMT,1FDRF3G60LEE27893,933,80 706S,,2020,Ford,F350 4x2 w/Dejana custom stake body,"4,902","7,559","2,657",, ,,,,,,,
FAC MGMT,1FTYR1ZM9KKB34856,935,78 581S,,2019,Ford,Transit250,"12,290","18,309","6,019",, ,,,,,,,
FAC MGMT,3N6CMOKNXLK708681,939,80 705S,,2020,Nissan,NV200 S cargo van,"9,954","16,532","6,578",, ,,,,,,,
FAC MGMT,1FTEX1C56MKD59832,942,80 712S,,2021,Ford,F150 Ext Cab,"3,290","8,432","5,142",, ,,,,,,,
FAC MGMT,3N6CMOKN1LK708729,945,80 707S,,2020,Nissan,NV200 Cargo Van,"1,893","3,570","1,677",, ,,,,,,,
FAC MGMT,1FDUF5GN7MDA08606,946,80 723S,,2021,Ford,F550 Dump Truck 4x2,"1,619","2,643","1,024",, ,,,,,,,
FAC MGMT,1N6ED1EJ0NN622219,947,80 743S,,2022,Nissan,Frontier SV P/U Crew Cab,"2,011","3,670","1,659",, ,,,,,,,
FAC MGMT,1GCGSBEA4M1245602,949,80 715S,,2021,Chevrolet,Colorado P/U,"1,935","3,382","1,447",, ,,,,,,,
FAC MGMT,1N6ED0CE8MN703238,950,80 716S,,2021,Nissan,Frontier P/U,"3,587","6,200","2,613",, ,,,,,,,
FAC MGMT,1FDBF2A66NEC15927,953,80 735S,,2022,Ford,F250 Stake Body & Lift Gate,"1,174","3,384","2,210",, ,,,,,,,
FAC MGMT,1N4BZ1CP4KC313072,966,80 711S,,2019,Nissan,Leaf SV Plus,"4,015","4,730",715,, ,,,,,,,
FAC MGMT,1FT7W2A63NEC15930,967,80 734S,,2022,Ford,F250 Utility Body Truck,"4,572","11,074","6,502",, ,,,,,,,
FAC MGMT,1N4BZ1CP7KC320842,969,80 710S,,2019,Nissan,Leaf SV Plus,"10,890","11,437",547,, ,,,,,,,
FAC MGMT,1FTBR1Z81MKA89407,970,80 736S,,2021,Ford,Transit250,"1,574","4,001","2,427",, ,,,,,,,
FAC MGMT,1FTEX1EBXMKE46460,971,80 728S,,2021,Ford,F150 Ext Cab,"2,355","5,484","3,129",, ,,,,,,,
FAC MGMT,1FDBF2A61NEC27385,972,80 731S,,2022,Ford,F250,"1,622","3,748","2,126",, ,,,,,,,
FAC MGMT,1FDBF2A63NEC27386,973,80 730S,,2022,Ford,F250,"1,987","5,264","3,277",, ,,,,,,,
FAC MGMT,1FDBF2A65NEC27387,974,80 733S,,2022,Ford,F250 Utility Body Truck,"2,649","6,437","3,788",, ,,,,,,,
FAC MGMT,1FDUF5GNXMDA04792,975,80 717S,,2021,Ford,F550 4x2 Reg. Cab Utility Body Truck,"4,083","7,798","3,715",, ,,,,,,,
FAC MGMT,1GCWGAF1K1275809,976,80 719S,,2019,Chevrolet,Express 2500,"17,693","21,104","3,411",, ,,,,,,,
FAC MGMT,3N6CM0KN3MK691708,977,80 718S,,2021,Nissan,NV 200,"3,664","7,334","3,670",, ,,,,,,,
FAC MGMT,1N6ED0CF2MN705527,978,80 720S,,2021,Nissan,Frontier Ext Cab 4x4 P/U,"3,222","6,690","3,468",, ,,,,,,,
FAC MGMT,1FT7W2B60NED16793,979,80 747S,,2022,Ford,F250 4x4 crew cab ,"1,437","4,383","2,946",, ,,,,,,,
FAC MGMT,2C4RC1H79LR230331,981,80 729S,,2020,Chrysler,Pacifica Hybrid,"13,583","18,056","4,473",, ,,,,,,,
FAC MGMT,1N6EDOCE9MN721845,982,80 732S,,2021,Nissan,Frontier SV,"1,776","3,863","2,087",, ,,,,,,,
FAC MGMT,1FTRF3BTXNEF61752,983,83 412S,,2022,Ford,F350,130,536,406,, ,,,,,,,
FAC MGMT,NM0LS7E26L1464447,985,80 739S,,2020,Ford,Transit Connect XL,"16,477","18,296","1,819",, ,,,,,,,
FAC MGMT,1GTW7AFP9M1288861,986,80 740S,,2021,GMC,Savana 2500,790,"2,758","1,968",, ,,,,,,,
FAC MGMT,1FMCU9BZ5NUA84507,987,83 409S,,2022,Ford,Escape Hybrid,2,"1,703","1,701",, ,,,,,,,
FAC MGMT,1FMCU9BZ2NUA83542,988,82 393S,,2022,Ford,Escape SE Hybrid,515,"4,705","4,190",, ,,,,,,,
FAC MGMT,NM0LS7S21N1540292,989,83 411S,,2022,Ford,Transit,130,"1,775","1,645",, ,,,,,,,
FAC MGMT,NM0LS7S2XN1540288,990,83 410S,,2022,Ford,Transit,130,"1,141","1,011",, ,,,,,,,
FAC MGMT,NM0LS7S2N1540337,991,83 424S,,2022,Ford,Transit Connect XL,118,891,773,, ,,,,,,,
FAC MGMT,NM0LS7S27N1540331,992,83 420S,,2022,Ford,Transit Connect XL,118,"1,925","1,807",, ,,,,,,,
FAC MGMT,NM0LS7S26N1540286,993,83 423S,,2022,Ford,Transit Connect XL,130,"1,660","1,530",, ,,,,,,,
FAC MGMT,NM0LS7S29N1540329,994,83 422S,,2022,Ford,Transit Connect XL,130,"1,900","1,770",, ,,,,,,,
FAC MGMT,1N6ED1EJ0NN631047,998,80 742S,,2022,Nissan,Frontier SV P/U Crew Cab,"1,228","5,095","3,867",, ,,,,,,,
FAC MGMT,1FMCU9BZ1NUA98694,1001,83 403S,,2022,Ford,Escape FHEV,24,"1,359","1,335",, ,,,,,,,
FAC MGMT,1GTP9BEK9NZ168054,1004,82 389S,,2022,GMC,Sierra1500 SLE,689,"2,592","1,903",, ,,,,,,,
FAC MGMT,1E9PB25S2NP363378,1005,5256L,,2022,e-Ride,EXV4,2,490,488,, ,,,,,,,
FAC MGMT,NM0LS7S22N1540348,1006,83 421S,,2022,Ford,Transit Connect XL,126,"1,732","1,606",, ,,,,,,,
FAC MGMT,NM0LS7S29N1540962,1007,83 442S,,2022,Ford,Transit Connect,11,"1,979","1,968",, ,,,,,,,
FAC MGMT,NM0LS7S27N1540345,1008,83 415S,,2022,Ford,Transit Connect XL,132,"1,255","1,123",, ,,,,,,,
FAC MGMT,NM0LS7E24L1468030,1010,83 439S,,2020,Ford,Transit Connect,"10,202","12,413","2,211",, ,,,,,,,
FAC MGMT,NM0LS7S20N1540350,1011,83 419S,,2022,Ford,Transit Connect XL,130,"1,079",949,, ,,,,,,,
FAC MGMT,NM0LS7S29N1540346,1012,83 427S,,2022,Ford,Transit Connect XL,130,"1,355","1,225",, ,,,,,,,
FAC MGMT,NM0LS7S20N1540963,1014,83 443S,,2022,Ford,Transit Connect,9,"1,357","1,348",, ,,,,,,,
FAC MGMT,1FMCU9BZXNUA98743,1016,83 426S,,2022,Ford,Escape Hybrid,139,"1,674","1,535",, ,,,,,,,
FAC MGMT,1FMCU9BZ1NUA98954,1017,83 425S,,2022,Ford,Escape Hybrid,159,"1,996","1,837",, ,,,,,,,
FAC MGMT,1E9PB2557NP363358,1021,5257L,,2022,e-Ride,EXV4 Patriot,2,317,315,, ,,,,,,,
FAC MGMT,1GTW7AFP8N1255741,1026,83 437S,,2022,GMC,Savana 2500,10,833,823,, ,,,,,,,
FAC MGMT,1FDUF5GT1NED43774,1039,83 434S,,2022,Ford,F550 4x2 Utility Body w/crane,269,"1,839","1,570",, ,,,,,,,
FAC MGMT,1GCHTBEA0N1260620,1043,83 413S,,2022,Chevrolet,Colorado Ext Cab P/U,3,"2,399","2,396",, ,,,,,,,
FAC MGMT,1GTW7AFP7N1275897,1044,83 444S,,2022,GMC,Savana,12,32,20,, ,,,,,,,
FAC MGMT,1GD39LE74PF136600,1045,83 449S,,2023,GMC,Sierra 2500HD Pro,175,850,675,, ,,,,,,,
FAC MGMT,1FDBF2B67NEF66313,1046,83 433S,,2022,Ford,F250,130,"2,493","2,363",, ,,,,,,,
FAC MGMT,3GCNWAEF3MG367287,1048,83 414S,,2021,Chevrolet,Silverado 1500 P/U,"16,316","17,456","1,140",, ,,,,,,,
FAC MGMT,1HTKHPVK9NH779317,1050,84-057S,,2022,Chevrolet,Sliverado 5500 w/liftgate Utility Body,12,814,802,, ,,,,,,,
FAC MGMT,1GC5YLE76NF312270,1051,83 416S,,2022,Chevrolet,Silverado 2500 4WD,147,895,748,, ,,,,,,,
FAC MGMT,1FTEX1EP1NKF31166,1058,83 436S,,2022,Ford,F150 4x4 SuperCrew,119,762,643,, ,,,,,,,
FAC MGMT,1FTEX1EB8NKF27121,1059,83 435S,,2022,Ford,F150 4x4 SuperCrew,269,949,680,,,,,,,,,
FAC MGMT,1FMCU0MZ0PUA48431,1065,TEMP,,2023,Ford,Escape Hybrid,5,247,242,,,,,,,,,
FAC MGMT,NM0GE9E21N1543984,1067,83 445S,,2022,Ford,Ford Transit Connect XL Wagon LWB,5,672,667,,,,,,,,,
FAC MGMT,1FTBR1Y85MKA25484,1078,83 450S,,2021,Ford,Transit250,"11,566","12,093",527,,,,,,,,,
FAC MGMT,1GCWGAFP4P1156675,1079,TEMP,,2023,Chevrolet,Express cargo van,144,156,12,,,,,,,,,
FAC MGMT,1GB0WLE73NF252677,1082,84 051S,,2022,Chevrolet,Silverado 200HD,338,"1,140",802,,,,,,,,,
FAC MGMT,1GB0YLE75PF112658,1083,TEMP,,2023,Chevrolet,Silverado 2500HD,12,889,877,,,,,,,,,
FAC MGMT,1GCWGAFP1P1156665,1085,TEMP,,2023,Chevrolet,Express cargo van,153,225,72,,,,,,,,,
FAC MGMT,1FTBR1Y87MKA77246,1086,84 062S,,2021,Ford,Transit250 Low Roof Cargo Van,"16,886","17,097",211,,,,,,,,,
FAC MGMT,1GCWGAFP6P1156659,1090,TEMP,,2023,Chevrolet,Express van,9,65,56,,,,,,,,,
,,,,,,,,,,"779,874",,,,,,,,,
,,,,,,,,,,,,,,,,,,,
,,,,,,,,,,,,,,,,,,,
,,,,,,,,,,,,,,,,,,,
,,,,,,,,,,,,,,,,,,,
,,,,,,,,,,,,,,,,,,,
,,,,,,,,,,,,,,,,,,,
,,,,,,,,,,,,,,,,,,,
,,,,,,,,,,,,,,,,,,,
,,,,,,,,,,,,,,,,,,,
,,,,,,,,,,,,,,,,,,,
,,,,,,,,,,,,,,,,,,,
,,,,,,,,,,,,,,,,,,,
,,,,,,,,,,,,,,,,,,,
,,,,,,,,,,,,,,,,,,,
,,,,,,,,,,,,,,,,,,,
,,,,,,,,,,,,,,,,,,,
,,,,,,,,,,,,,,,,,,,
,,,,,,,,,,,,,,,,,,,
,,,,,,,,,,,,,,,,,,,
,,,,,,,,,,,,,,,,,,,
,,,,,,,,,,,,,,,,,,,
,,,,,,,,,,,,,,,,,,,
,,,,,,,,,,,,,,,,,,,
,,,,,,,,,,,,,,,,,,,
,,,,,,,,,,,,,,,,,,,
,,,,,,,,,,,,,,,,,,,
,,,,,,,,,,,,,,,,,,,
,,,,,,,,,,,,,,,,,,,
,,,,,,,,,,,,,,,,,,,
,,,,,,,,,,,,,,,,,,,
,,,,,,,,,,,,,,,,,,,
,,,,,,,,,,,,,,,,,,,
,,,,,,,,,,,,,,,,,,,
,,,,,,,,,,,,,,,,,,,
,,,,,,,,,,,,,,,,,,,
,,,,,,,,,,,,,,,,,,,
,,,,,,,,,,,,,,,,,,,
,,,,,,,,,,,,,,,,,,,
,,,,,,,,,,,,,,,,,,,
,,,,,,,,,,,,,,,,,,,
,,,,,,,,,,,,,,,,,,,
,,,,,,,,,,,,,,,,,,,
,,,,,,,,,,,,,,,,,,,
,,,,,,,,,,,,,,,,,,,
,,,,,,,,,,,,,,,,,,,
,,,,,,,,,,,,,,,,,,,
,,,,,,,,,,,,,,,,,,,
,,,,,,,,,,,,,,,,,,,
,,,,,,,,,,,,,,,,,,,
,,,,,,,,,,,,,,,,,,,
,,,,,,,,,,,,,,,,,,,
,,,,,,,,,,,,,,,,,,,
,,,,,,,,,,,,,,,,,,,
,,,,,,,,,,,,,,,,,,,
,,,,,,,,,,,,,,,,,,,
,,,,,,,,,,,,,,,,,,,
,,,,,,,,,,,,,,,,,,,
,,,,,,,,,,,,,,,,,,,
,,,,,,,,,,,,,,,,,,,
,,,,,,,,,,,,,,,,,,,
,,,,,,,,,,,,,,,,,,,
,,,,,,,,,,,,,,,,,,,
,,,,,,,,,,,,,,,,,,,
,,,,,,,,,,,,,,,,,,,
,,,,,,,,,,,,,,,,,,,
,,,,,,,,,,,,,,,,,,,
,,,,,,,,,,,,,,,,,,,
,,,,,,,,,,,,,,,,,,,
,,,,,,,,,,,,,,,,,,,
,,,,,,,,,,,,,,,,,,,
,,,,,,,,,,,,,,,,,,,
,,,,,,,,,,,,,,,,,,,
,,,,,,,,,,,,,,,,,,,
,,,,,,,,,,,,,,,,,,,
,,,,,,,,,,,,,,,,,,,
,,,,,,,,,,,,,,,,,,,
,,,,,,,,,,,,,,,,,,,
,,,,,,,,,,,,,,,,,,,
,,,,,,,,,,,,,,,,,,,
,,,,,,,,,,,,,,,,,,,
,,,,,,,,,,,,,,,,,,,
,,,,,,,,,,,,,,,,,,,
,,,,,,,,,,,,,,,,,,,
,,,,,,,,,,,,,,,,,,,
,,,,,,,,,,,,,,,,,,,
,,,,,,,,,,,,,,,,,,,
,,,,,,,,,,,,,,,,,,,
,,,,,,,,,,,,,,,,,,,
,,,,,,,,,,,,,,,,,,,
,,,,,,,,,,,,,,,,,,,
,,,,,,,,,,,,,,,,,,,
,,,,,,,,,,,,,,,,,,,
,,,,,,,,,,,,,,,,,,,
,,,,,,,,,,,,,,,,,,,
,,,,,,,,,,,,,,,,,,,
,,,,,,,,,,,,,,,,,,,
,,,,,,,,,,,,,,,,,,,
,,,,,,,,,,,,,,,,,,,
,,,,,,,,,,,,,,,,,,,
,,,,,,,,,,,,,,,,,,,
,,,,,,,,,,,,,,,,,,,
,,,,,,,,,,,,,,,,,,,
,,,,,,,,,,,,,,,,,,,
,,,,,,,,,,,,,,,,,,,
,,,,,,,,,,,,,,,,,,,
,,,,,,,,,,,,,,,,,,,
,,,,,,,,,,,,,,,,,,,
,,,,,,,,,,,,,,,,,,,
,,,,,,,,,,,,,,,,,,,
,,,,,,,,,,,,,,,,,,,
,,,,,,,,,,,,,,,,,,,
,,,,,,,,,,,,,,,,,,,
,,,,,,,,,,,,,,,,,,,
,,,,,,,,,,,,,,,,,,,
,,,,,,,,,,,,,,,,,,,
,,,,,,,,,,,,,,,,,,,
,,,,,,,,,,,,,,,,,,,
,,,,,,,,,,,,,,,,,,,
,,,,,,,,,,,,,,,,,,,
,,,,,,,,,,,,,,,,,,,
,,,,,,,,,,,,,,,,,,,
,,,,,,,,,,,,,,,,,,,
,,,,,,,,,,,,,,,,,,,
,,,,,,,,,,,,,,,,,,,
,,,,,,,,,,,,,,,,,,,
,,,,,,,,,,,,,,,,,,,
,,,,,,,,,,,,,,,,,,,
,,,,,,,,,,,,,,,,,,,
,,,,,,,,,,,,,,,,,,,
,,,,,,,,,,,,,,,,,,,
,,,,,,,,,,,,,,,,,,,
,,,,,,,,,,,,,,,,,,,
,,,,,,,,,,,,,,,,,,,
,,,,,,,,,,,,,,,,,,,
,,,,,,,,,,,,,,,,,,,
,,,,,,,,,,,,,,,,,,,
,,,,,,,,,,,,,,,,,,,
,,,,,,,,,,,,,,,,,,,
,,,,,,,,,,,,,,,,,,,
,,,,,,,,,,,,,,,,,,,
,,,,,,,,,,,,,,,,,,,
,,,,,,,,,,,,,,,,,,,
,,,,,,,,,,,,,,,,,,,
,,,,,,,,,,,,,,,,,,,
,,,,,,,,,,,,,,,,,,,
,,,,,,,,,,,,,,,,,,,
,,,,,,,,,,,,,,,,,,,
,,,,,,,,,,,,,,,,,,,
,,,,,,,,,,,,,,,,,,,
,,,,,,,,,,,,,,,,,,,
,,,,,,,,,,,,,,,,,,,
,,,,,,,,,,,,,,,,,,,
,,,,,,,,,,,,,,,,,,,
,,,,,,,,,,,,,,,,,,,
,,,,,,,,,,,,,,,,,,,
,,,,,,,,,,,,,,,,,,,
,,,,,,,,,,,,,,,,,,,
,,,,,,,,,,,,,,,,,,,
,,,,,,,,,,,,,,,,,,,
,,,,,,,,,,,,,,,,,,,
,,,,,,,,,,,,,,,,,,,
,,,,,,,,,,,,,,,,,,,
,,,,,,,,,,,,,,,,,,,
,,,,,,,,,,,,,,,,,,,
