,,,,,,,,,,,,,,,,,,,,,
State Police Directive Required Annual FY Mileage Tracking Worksheet,,,,,,,,,,,,,,,,,,,,,
University Vehicles by Department,,,,,,,,,,,,,,,,,,,,,
,Vehicle Information,,,,,,,,,,,,,,,,,,,,
Department Name,VIN #,Vehicle #,License #,Pool/Leased Vehicle,Year,Make,Model,6/30/2023 Odometer Reading,"ACTUAL
2023 mileage",6/30/2024 Odometer Reading,"REVISED 
Annual Mileage",Annual Mileage,Annual FY Mileage Alternate Tracking Method - Outline below,,,,,,,,
FAC MGMT,1FTYR2YM9JKA44502,782,75 601S,,2018,Ford,Transit 250         cargo van,"91,641","91,641","111,234","19,593","19,593",, ,,,,,,,
FAC MGMT,1FTYR1ZM8JKB37990,915,78 565S,,2018,Ford,Transit250,"49,186","49,186","60,960","11,774","11,774",, ,,,,,,,
FAC MGMT,1GCWGAFP1P1156665,1085,84 064S,,2023,Chevrolet,Express cargo van,153,225,"11,523","11,298","11,370",, ,,,,,,,
FAC MGMT,1FDBF2B68KEF81771,881,76 547S,,2019,Ford,F250 4x4 w/lift gate,"13,533","13,533","23,751","10,218","10,218",, ,,,,,,,
FAC MGMT,1FTYR1YM4JKB16569,916,78 562S,,2018,Ford,Transit250,"37,374","37,374","46,651","9,277","9,277",, ,,,,,,,
FAC MGMT,NM0LS6BN6CT081833,531,62 335S,,2012,Ford,Transit Connect XLT Van,"47,255","47,255","55,971","8,716","8,716", , ,,,,,,,
FAC MGMT,1FTYR2ZM1JKA84295,872,76 523S,,2018,Ford,Transit250 Low Roof Cargo Van,"54,958","54,958","63,348","8,390","8,390",, ,,,,,,,
FAC MGMT,54DCDW1B2KS807501,895,78 555S,,2019,Chevrolet,"4500 LCF 16"" Box Van w/liftgate","23,768","23,768","31,903","8,134","8,134",, ,,,,,,,
FAC MGMT,2C4RC1H78JR172659,918,78 561S,,2018,Chrysler,Pacifica Hybrid,"9,729","9,729","17,734","8,005","8,005",, ,,,,,,,
FAC MGMT,3ALACWFC6JDJX4023,766,74 174S,,2018,Freightliner,M2 106 Truck w/Heil PT 1000 13 cubic yard compactor,"52,299","52,299","59,838","7,539","7,539",, ,,,,,,,
FAC MGMT,1FDUF5HY6KDA03029,820,76 517S,,2019,Ford,F550 w/Terex LT40 Bucket,"29,555","29,555","36,675","7,120","7,120",, ,,,,,,,
FAC MGMT,1FTYR1ZM9KKB34856,935,78 581S,,2019,Ford,Transit250,"18,309","18,309","25,112","6,802","6,802",, ,,,,,,,
FAC MGMT,1FTMF1CB6KKE70849,888,78 553S,,2019,Ford,F150,"17,845","17,845","24,567","6,722","6,722",, ,,,,,,,
FAC MGMT,1FT7X2B61KEF19944,874,78 552S,,2019,Ford,F250,"17,151","17,151","23,404","6,253","6,253",, ,,,,,,,
FAC MGMT,1FT7W2A63NEC15930,967,80 734S,,2022,Ford,F250 Utility Body Truck,"11,074","11,074","17,137","6,063","6,063",, ,,,,,,,
FAC MGMT,1GCHTAEA7F1159909,645,68 198S,,2015,Chevrolet,Colorado Ext Cab P/U,"65,490","65,490","71,518","6,028","6,028", , ,,,,,,,
FAC MGMT,1FD8X3HT4GEC33077,688,72 796S,,2016,Ford,F350 Extd Cab,"40,159","40,159","46,081","5,922","5,922", , ,,,,,,,
FAC MGMT,1FDUF5HYXHEB93114,706,72 795S,,2017,Ford,F550 4x4 DumpTruck,"33,441","33,441","39,122","5,681","5,681", , ,,,,,,,
FAC MGMT,NM0LS7E75G1241463,718,73 118S,,2016,Ford,Transit Connect XL Van LWB,"23,774","23,774","29,416","5,642","5,642", , ,,,,,,,
FAC MGMT,1FDBF2A66KEC61172,825,76 513S,,2019,Ford,F250 w/XLHybrid System,"23,406","23,406","29,021","5,614","5,614",, ,,,,,,,
FAC MGMT,NM0LE6E7XE1154768,635,68 115S,,2014,Ford,Transit Connect XL Van,"37,639","37,639","43,210","5,572","5,572", , ,,,,,,,
FAC MGMT,1FDWE3FL3EDA82851,598,68 106S,,2014,Ford,E350 Cutaway,"44,092","44,092","49,613","5,521","5,521", , ,,,,,,,$0.00
FAC MGMT, JALC4W161C7001580,515,60 068S,,2012,Isuzu,NPR Box Van,"46,193","46,193","51,621","5,429","5,429", , ,,,,,,,
FAC MGMT,1FTBF2B62KED14369,866,76 509S,,2019,Ford,F250 4x4 sing cab long bed,"21,667","21,667","26,984","5,318","5,318",, ,,,,,,,
FAC MGMT,NM0LS7E70G1252063,736,73 139S,,2016,Ford,Transit Connect XL Van LWB,"29,338","29,338","34,598","5,260","5,260", , ,,,,,,,
FAC MGMT,1FTEX1C56MKD59832,942,80 712S,,2021,Ford,F150 Ext Cab,"8,432","8,432","13,583","5,151","5,151",, ,,,,,,,
FAC MGMT,1N6BD0CT0HN734460,862,75 640S,,2017,Nissan,Frontier              King Cab 4x2,"19,625","19,625","24,766","5,141","5,141",, ,,,,,,,
FAC MGMT,3GCPCPEHXFG397458,663,70 453S,,2015,Chevrolet,Silverado 1500,"53,078","53,078","58,202","5,124","5,124", , ,,,,,,,
FAC MGMT,1FDWE3F61KDC08565,828,76 519S,,2019,Ford,F350 Box Van w/rail liftgate & XLHybrid System,"18,897","18,897","23,838","4,941","4,941",, ,,,,,,,
FAC MGMT,1FTBF2B6XJEB31462,769,74 176S,,2018,Ford,F250 4x4 P/U,"18,373","18,373","23,202","4,829","4,829",, ,,,,,,,
FAC MGMT,1GD372BG1B1158936,525,62 150S,,2011,GMC,Savana 3500 Box Van,"59,307","59,307","64,116","4,809","4,809", , ,,,,,,,
FAC MGMT,1FDUF5HY5FEA99008,637,68 153S,,2015,Ford,F-550,"41,985","41,985","46,726","4,741","4,741", , ,,,,,,,
FAC MGMT,1FTFW1EF3EFB11058,586,67 449S,,2014,Ford,F150 4x4 P/U       Crew Cab,"21,516","21,516","26,245","4,730","4,730", , ,,,,,,,
FAC MGMT,1GB3KYCG7FF525470,639,68 158S,,2015,Chevrolet,Silverado 4WD,"51,982","51,982","56,694","4,712","4,712", , ,,,,,,,
FAC MGMT,ZFBERFAT8G6B83720,751,74 157S,,2016,Dodge,Ram Promaster City Cargo Van,"26,438","26,438","31,147","4,709","4,709",, ,,,,,,,
FAC MGMT, 1N6BD0CT5GN711450,757,74 171S,,2016,Nissan,Frontier P/U,"32,450","32,450","37,078","4,628","4,628",, ,,,,,,,
FAC MGMT,1FDUF4HY8HEB86124,720,73 121S,,2017,Ford,F450 Dump Truck w/salt spreader,"27,313","27,313","31,925","4,612","4,612", , ,,,,,,,
FAC MGMT,NM0LS7S29N1540962,1007,83 442S,,2022,Ford,Transit Connect,"1,979","1,979","6,540","4,561","4,561",, ,,,,,,,
FAC MGMT,1FTYR1CM5GKA99264,717,73 124S,,2016,Ford,Transit 250 Van,"32,481","32,481","37,034","4,553","4,553", , ,,,,,,,
FAC MGMT,NM0LS7E7XG1242088,674,71 055S,,2016,Ford,Transit Connect XL,"25,673","25,673","30,187","4,514","4,514", , ,,,,,,,
FAC MGMT,1FTYR1YM2HKA71030,776,74 179S,,2017,Ford,Transit 250         cargo van,"27,101","27,101","31,614","4,513","4,513",, ,,,,,,,
FAC MGMT,1GB3GSCG5H1239910,758,74 167S,,2017,Chevrolet,Express 3500 Box Van,"34,976","34,976","39,416","4,439","4,439",, ,,,,,,,
FAC MGMT,1GB3G2CG8E1199172,638,68 152S,,2014,Chevrolet,G35 Express,"52,660","52,660","57,096","4,436","4,436", , ,,,,,,,
FAC MGMT,1GD01XEG7FZ523091,662,69 940S,,2015,GMC,Sierra 2500,"42,121","42,121","46,443","4,322","4,322", , ,,,,,,,
FAC MGMT,1N6ED0CF2MN705527,978,80 720S,,2021,Nissan,Frontier Ext Cab 4x4 P/U,"6,690","6,690","10,957","4,267","4,267",, ,,,,,,,
FAC MGMT,1FDRF3A66LED09646,923,78 579S,,2020,Ford,F350 reg. cab w/utility body & lift gate,"13,604","13,604","17,870","4,266","4,266",, ,,,,,,,
FAC MGMT,1FTBF2B66HED45262,731,73 134S,,2017,Ford,F250 4x4 Reg Cab SS SRW,"26,454","26,454","30,707","4,253","4,253", , ,,,,,,,
FAC MGMT,1FDUF4HY2HEB80108,726,73 127S,,2017,Ford,F450 4x4 Reg Chasis Cab,"21,398","21,398","25,565","4,166","4,166", , ,,,,,,,
FAC MGMT,NM0LS7E76F1208020,654,69 497S,,Ford,2015,Transit Connect XL Van,"24,231","24,231","28,383","4,152","4,152", , ,,,,,,,
FAC MGMT,3N63M0ZN2HK719381,817,75 611S,,2018,Chevrolet,City Express w/glass in doors,"21,832","21,832","25,949","4,117","4,117",, ,,,,,,,
FAC MGMT,1FMCU9BZ2NUA83542,988,82 393S,,2022,Ford,Escape SE Hybrid,"4,705","4,705","8,813","4,108","4,108",, ,,,,,,,
FAC MGMT,2C4RC1H79LR230331,981,80 729S,,2020,Chrysler,Pacifica Hybrid,"18,056","18,056","22,157","4,101","4,101",, ,,,,,,,
FAC MGMT,1FDXF47R88ED57042,445,56 200S,,2008,Ford,F450 Dump Truck,"35,491","35,491","39,587","4,096","4,096", , ,,,,,,,
FAC MGMT,1FDBF2A64KEC61171,826,76 512S,,2019,Ford,F250 w/XLHybrid System,"21,580","21,580","25,625","4,046","4,046",, ,,,,,,,
FAC MGMT,NM0LS7E78F1177062,644,68 200S,,2015,Ford,Transit Connect XL Van,"37,380","37,380","41,418","4,038","4,038", , ,,,,,,,
FAC MGMT,NM0LS7S20N1540963,1014,83 443S,,2022,Ford,Transit Connect,"1,357","1,357","5,375","4,018","4,018",, ,,,,,,,
FAC MGMT,1FDBF2A65NEC27387,974,80 733S,,2022,Ford,F250 Utility Body Truck,"6,437","6,437","10,412","3,976","3,976",, ,,,,,,,
FAC MGMT,1GB0CUEG6FZ515694,667,70 478S,,2015,Chevrolet,Silverado 2500,"37,087","37,087","41,047","3,960","3,960", , ,,,,,,,
FAC MGMT,3N6CM0KN3MK691708,977,80 718S,,2021,Nissan,NV 200,"7,334","7,334","11,281","3,947","3,947",, ,,,,,,,
FAC MGMT,NM0LS7E75F1177066,643,68 193S,,2015,Ford,Transit Connect XL Van,"26,152","26,152","30,094","3,942","3,942", , ,,,,,,,
FAC MGMT,NM0LS7E24L1468030,1010,83 439S,,2020,Ford,Transit Connect,"12,413","12,413","16,353","3,940","3,940",, ,,,,,,,
FAC MGMT,1FDWE3F6XKDC08564,827,76 520S,,2019,Ford,F350 Box Van w/rail liftgate & XLHybrid System,"12,249","12,249","16,181","3,933","3,933",, ,,,,,,,
FAC MGMT,1N6BD0CT8KN797216,931,78 572S,,2019,Nissan,Frontier S,"9,007","9,007","12,881","3,874","3,874",, ,,,,,,,
FAC MGMT,1FDRF3C69LED69479,922,78 595S,,2020,Ford,F350 w/Knapheide Svc Body & Liftmore Svc Crane,"9,198","9,198","13,051","3,853","3,853",, ,,,,,,,
FAC MGMT,1FDUF5GT1NED43774,1039,83 434S,,2022,Ford,F550 4x2 Utility Body w/crane,"1,839","1,839","5,633","3,794","3,794",, ,,,,,,,
FAC MGMT,1GB0WLE73NF252677,1082,84 051S,,2022,Chevrolet,Silverado 200HD,"1,140","1,140","4,915","3,775","3,775",, ,,,,,,,
FAC MGMT,1GD322CGXEF150645,581,65 847S,,2014,GMC,Sierra 3500 w/dump,"43,039","43,039","46,784","3,744","3,744", , ,,,,,,,
FAC MGMT,1GCHSBEA0L1174787,897,78 566S,,2020,Chevrolet,Colorado 2WD      Ext. Cab,"11,506","11,506","15,250","3,744","3,744",, ,,,,,,,
FAC MGMT,1GTH6BEAXG1102988,656,69 498S,,2016,GMC,Canyon,"49,708","49,708","53,419","3,711","3,711", , ,,,,,,,
FAC MGMT,NM0LS7S27N1540331,992,83 420S,,2022,Ford,Transit Connect XL,"1,925","1,925","5,630","3,705","3,705",, ,,,,,,,
FAC MGMT,1FTYE1ZM2GKA99242,680,71 968S,,2016,Ford,Transit,"21,970","21,970","25,640","3,670","3,670", , ,,,,,,,
FAC MGMT,1GB0CVCG6CF134269,549,63 689S,,2012,Chevrolet,Silverado 2500HD Reg. Cab Utility Body,"28,012","28,012","31,601","3,588","3,588", , ,,,,,,,
FAC MGMT,1FDBF2B67NEF66313,1046,83 433S,,2022,Ford,F250,"2,493","2,493","6,063","3,570","3,570",, ,,,,,,,
FAC MGMT,1FD7W2A63JEB31922,781,74 183S,,2018,Ford,F250 P/U crew cab w/lift gate,"16,905","16,905","20,444","3,539","3,539",, ,,,,,,,
FAC MGMT,1FTBF2B63FEA41416,595,67 489S,,2015,Ford,F250 4X4,"35,678","35,678","39,193","3,514","3,514", , ,,,,,,,
FAC MGMT,1FDBF2A63NEC27386,973,80 730S,,2022,Ford,F250,"5,264","5,264","8,752","3,488","3,488",, ,,,,,,,
FAC MGMT,NM0LS6BN8DT140639,567,64 336S,,2013,Ford,Transit Connect XLT,"47,305","47,305","50,767","3,462","3,462", , ,,,,,,,
FAC MGMT,1FTBR1Y85MKA25484,1078,83 450S,,2021,Ford,Transit250,889,"12,093","15,474","3,381","14,585",, ,,,,,,,
FAC MGMT,1N6ED1CM0NN652283,1104,84 085S,,2022,Nissan,Frontier S,"12,879","12,879","16,258","3,379","3,379",, ,,,,,,,
FAC MGMT,NM0LS7E26L1464447,985,80 739S,,2020,Ford,Transit Connect XL,"18,296","18,296","21,656","3,360","3,360",, ,,,,,,,
FAC MGMT,1FTYR1ZM5GKA23258,742,73 147S,,2016,Ford,Transit 250 Cargo Van,"39,094","39,094","42,451","3,357","3,357",, ,,,,,,,
FAC MGMT,1FDUF4HYXHEB86125,721,73 123S,,2017,Ford,F450 4x4 Reg Cab,"21,171","21,171","24,473","3,302","3,302", , ,,,,,,,
FAC MGMT,1E9EB25S7KP363234,894,5834L,,2019,E-Ride,Patriot MXV4,"2,676","2,676","5,964","3,288","3,288",, ,,,,,,,
FAC MGMT,1FT7W2B60NED16793,979,80 747S,,2022,Ford,F250 4x4 crew cab ,"4,383","4,383","7,627","3,244","3,244",, ,,,,,,,
FAC MGMT,3GCPKSE73CG123205,544,63 656S,,2012,Chevrolet,Silverado 1500 LT Crew Cab 4WD,"20,309","20,309","23,544","3,234","3,234", , ,,,,,,,
FAC MGMT,1FDUF5GY4JEB23387,799,75 606S,,2018,Ford,F550 w/service crane,"9,087","9,087","12,318","3,231","3,231",, ,,,,,,,
FAC MGMT,1FDBF2A66JEB41614,783,74 186S,,2018,Ford,F250 w/reading utility body,"16,298","16,298","19,509","3,211","3,211",, ,,,,,,,
FAC MGMT,3N63M0YN0HK719428,768,74 175S,,2017,Chevrolet,City Express Cargo Van,"19,058","19,058","22,263","3,205","3,205",, ,,,,,,,
FAC MGMT,1FTNR2CM3FKB11211,661,69 920S,,2015,Ford,Transit 250 Mid Roof,"21,739","21,739","24,879","3,140","3,140", , ,,,,,,,
FAC MGMT,1FT7W2A67KEC43483,822,76 505S,,2019,Ford,F250 4x2 Crew Cab,"15,737","15,737","18,865","3,128","3,128",, ,,,,,,,
FAC MGMT,1GTH5BEA2K1194738,893,76 538S,,2019,GMC,Canyon 2WD      Ext Cab,"7,317","7,317","10,403","3,087","3,087",, ,,,,,,,
FAC MGMT,1GCHSBEA5H1223957,743,74 154S,,2017,Chevrolet,Colorado 2WD Ext. Cab,"21,117","21,117","24,190","3,073","3,073",, ,,,,,,,
FAC MGMT,1FDRF3HT3FEA23785,591,67 476S,,2015,Ford,F350 4X4,"42,302","42,302","45,351","3,049","3,049", , ,,,,,,,
FAC MGMT,1HTKHPVK9NH779317,1050,84 057S,,2022,Chevrolet,Sliverado 5500 w/liftgate Utility Body,814,814,"3,819","3,005","3,005",, ,,,,,,,
FAC MGMT,NM0LS7E75G1291375,708,73 105S,,2016,Ford,Transit Connect Van,"12,904","12,904","15,881","2,977","2,977", , ,,,,,,,
FAC MGMT,3N6CMOKNXLK708681,939,80 705S,,2020,Nissan,NV200 S cargo van,"16,532","16,532","19,457","2,925","2,925",, ,DISPOSED,,,,,,
FAC MGMT,1GCHTBE3XG1297131,687,71 991S,,2016,Chevrolet,Colorado Ext Cab P/U,"26,139","26,139","29,063","2,924","2,924", , ,,,,,,,
FAC MGMT,1GCHTBEA0N1260620,1043,83 413S,,2022,Chevrolet,Colorado Ext Cab P/U,"2,399","2,399","5,319","2,919","2,919",, ,,,,,,,
FAC MGMT,2C4RC1H78JR230575,898,76 548S,,2018,Chrysler,Pacifica Hybrid,"18,533","18,533","21,450","2,917","2,917",, ,,,,,,,
FAC MGMT,1GB3KYCG0FF506386,640,68 166S,,2015,Chevrolet,Silverado 3500 4WD,"20,304","20,304","23,221","2,917","2,917", , ,,,,,,,
FAC MGMT, 1GCWGAFG1K1275809,976,80 719S,,2019,Chevrolet,Express 2500,"21,104","21,104","24,018","2,914","2,914",, ,,,,,,,
FAC MGMT,1FDRF3G60LEE27893,933,80 706S,,2020,Ford,F350 4x2 w/Dejana custom stake body,"7,559","7,559","10,466","2,906","2,906",, ,,,,,,,
FAC MGMT,NM0LS7E78G1233759,730,73 133S,,2016,Ford,Transit Connect XL Van LWB,"20,556","20,556","23,451","2,895","2,895", , ,,,,,,,
FAC MGMT,1N6ED1EJ0NN631047,998,80 742S,,2022,Nissan,Frontier SV P/U Crew Cab,"5,095","5,095","7,968","2,873","2,873",, ,,,,,,,
FAC MGMT,1N6ED1EJ2NN622219,947,80 743S,,2022,Nissan,Frontier SV P/U Crew Cab,"3,670","3,670","6,524","2,854","2,854",, ,,,,,,,
FAC MGMT,ZFBERFAB4H6G42038,748,74 161S,,2017,Dodge,Ram Promaster City Van,"12,033","12,033","14,877","2,845","2,845",, ,,,,,,,
FAC MGMT,1FTYE1ZM2GKA06459,665,70 476S,,2016,Ford,Transit,"23,115","23,115","25,950","2,835","2,835", , ,,,,,,,
FAC MGMT,NM0LS7E7XF1188712,648,69 462S,,2015,Ford,Transit Connect XL Van,"47,568","47,568","50,391","2,822","2,822", , ,,,,,,,
FAC MGMT,1N6ED0CE8MN703238,950,80 716S,,2021,Nissan,Frontier P/U,"6,200","6,200","9,007","2,807","2,807",, ,,,,,,,
FAC MGMT,1FM5K8B87GGA78497,664,70 474S,,2016,Ford,Explorer,"8,584","8,584","11,368","2,784","2,784", , ,,,,,,,
FAC MGMT,NM0AS8F70H1325803,735,73 138S,,2017,Ford,Transit Connect XLT Wagon SWB,"17,036","17,036","19,819","2,784","2,784", , ,,,,,,,
FAC MGMT,3N6CM0KN2KK708947,928,78 570S,,2019,Nissan,NV200,"5,291","5,291","8,060","2,769","2,769",, ,,,,,,,
FAC MGMT,1FT7W2A65KEC43482,821,76 504S,,2019,Ford,F250 4x2 Crew Cab,"13,027","13,027","15,793","2,766","2,766",, ,,,,,,,
FAC MGMT,1GC0KVCG8BF165388,512,60 070S,,2011,Chevrolet,Silverado 2500 P/U,"83,123","83,123","85,884","2,761","2,761", , ,,,,,,,
FAC MGMT,NM0LS7DN3DT130149,583,67 460S,,2013,Ford,Transit Connect XLT,"19,047","19,047","21,773","2,726","2,726", , ,,,,,,,
FAC MGMT,1FDUF4HY0KDA07877,868,76 514S,,2019,Ford,F550 Dump Truck 4x4,"11,640","11,640","14,336","2,696","2,696",, ,,,,,,,
FAC MGMT,1FDRF3H63FEB37733,641,68 165S,,2015,Ford,F350,"34,468","34,468","37,134","2,665","2,665", , ,,,,,,,
FAC MGMT,NM0LS7E23K1384473,926,78 569S,,2019,Ford,Transit Connect,"8,603","8,603","11,264","2,661","2,661",, ,,,,,,,
FAC MGMT,NM0LS7E78G1278748,700,72 789S,,2016,Ford,Transit Connect XL Van,"19,673","19,673","22,323","2,649","2,649", , ,,,,,,,
FAC MGMT,NM0LS7E74G1259209,712,73 109S,,2016,Ford,Transit Connect XL Van LWB,"16,847","16,847","19,492","2,645","2,645", , ,,,,,,,
FAC MGMT,NM0LS7S22N1540348,1006,83 421S,,2022,Ford,Transit Connect XL,"1,732","1,732","4,375","2,643","2,643",, ,,,,,,,
FAC MGMT,1FDOW4GY4BEC41756,492,60 055S,,2011,Ford,F450,"32,956","32,956","35,598","2,642","2,642", , ,,,,,,,
FAC MGMT,1GT11REG1HF104775,732,73 135S,,2017,GMC,Sierra P/U 2WD Crew Cab,"21,976","21,976","24,615","2,639","2,639", , ,,,,,,,
FAC MGMT,1FT7X2A6XFEA41417,590,67 474S,,2015,Ford,F250 Supercab P/U,"30,700","30,700","33,328","2,628","2,628", , ,,,,,,,
FAC MGMT,1FDUF5GN5LDA05850,924,78 593S,,2020,Ford,F550 Reg Cab Utility Body w/Svc Crane,"7,300","7,300","9,925","2,626","2,626",, ,,,,,,,
FAC MGMT,1FTYR1ZM7GKA23259,740,73 145S,,2016,Ford,Transit 250 Cargo Van,"32,629","32,629","35,250","2,620","2,620", , ,,,,,,,
FAC MGMT,1N6BD0CT5GN785483,775,74 178S,,2016,Nissan,Frontier P/U,"21,781","21,781","24,401","2,620","2,620",, ,,,,,,,
FAC MGMT,NM0AE8FX4G1261125,728,73 131S,,2016,Ford,Transit Connect XLT Wagon SWB,"11,271","11,271","13,878","2,607","2,607", , ,,,,,,,
FAC MGMT,1FT7W2B66LED69480,921,78 598S,,2020,Ford,F250 4x4 crew cab w/stake body,"8,271","8,271","10,876","2,605","2,605",, ,,,,,,,
FAC MGMT,1FT7X2A61FEA35344,589,67 492S,,2015,Ford,F250 Supercab P/U,"28,204","28,204","30,801","2,596","2,596", , ,,,,,,,
FAC MGMT,1FTYE9ZM1JKA43332,873,76 522S,,2018,Ford,Transit150 Low Roof Cargo Van,"28,935","28,935","31,530","2,595","2,595",, ,,,,,,,
FAC MGMT,1FMCU9BZ1NUA98954,1017,83 425S,,2022,Ford,Escape Hybrid,"1,996","1,996","4,563","2,567","2,567",, ,,,,,,,
FAC MGMT,1GTH5BEA5K1359553,911,78 557S,,2019,GMC,Canyone Base,"8,648","8,648","11,212","2,564","2,564",, ,,,,,,,
FAC MGMT,NM0AE8F71E1151145,636,68 122S,,2014,Ford,Transit Connect XLT Wagon,"23,876","23,876","26,439","2,563","2,563", , ,,,,,,,
FAC MGMT,1FMCU0MZ0PUA48431,1065,84 063S,,2023,Ford,Escape Hybrid,156,247,"2,766","2,519","2,610",, ,,,,,,,
FAC MGMT,NM0LS7S21N1540292,989,83 411S,,2022,Ford,Transit,"1,775","1,775","4,290","2,514","2,514",, ,,,,,,,
FAC MGMT,1GD39LE74PF136600,1045,83 449S,,2023,GMC,Sierra 2500HD Pro,850,850,"3,356","2,505","2,505",, ,,,,,,,
FAC MGMT,1N6AD0CW0JN727925,778,74 180S,,2018,Nissan,Frontier P/U 4x4,"20,651","20,651","23,152","2,501","2,501",, ,,,,,,,
FAC MGMT,1GD07RFGXJ1262569,835,75 643S,,2018,GMC,Savana 2500 Cutaway w/12' Box & Lift Gate,"7,597","7,597","10,094","2,497","2,497",, ,,,,,,,
FAC MGMT,1FT7X2A6XFEA59089,594,67 491S,,2015,Ford,F250 Supercab,"46,964","46,964","49,454","2,490","2,490", , ,,,,,,,
FAC MGMT,NM0LS7S29N1540346,1012,83 427S,,2022,Ford,Transit Connect XL,"1,355","1,355","3,828","2,473","2,473",, ,,,,,,,
FAC MGMT,1C4NJDBB8GD632448,670,70 496S,,2016,Jeep,Compass,"17,324","17,324","19,760","2,436","2,436", , ,,,,,,,
FAC MGMT,1N4AL3AP7JC299744,870,76 508S,,2018,Nissan,Altima,"9,692","9,692","12,115","2,423","2,423",, ,,,,,,,
FAC MGMT,3N6CM0KN3KK699532,891,76 536S,,2019,Nissan,NV200 S cargo van,"9,626","9,626","12,014","2,388","2,388",, ,,,,,,,
FAC MGMT,1GD01ZCG3BF264495,527,62 311S,,2011,GMC,Sierra P/U,"37,066","37,066","39,451","2,385","2,385", , ,,,,,,,
FAC MGMT,1GCWGFCG1F1210000,652,69 471S,,2015,Chevrolet,Express 2500,"22,128","22,128","24,494","2,366","2,366", , ,,,,,,,
FAC MGMT,NM0AE8F70G1254589,729,73 130S,,2016,Ford,Transit Connect XLT Wagon SWB,"12,469","12,469","14,829","2,360","2,360", , ,,,,,,,
FAC MGMT,1FDBF2A66NEC15927,953,80 735S,,2022,Ford,F250 Stake Body & Lift Gate,"3,384","3,384","5,742","2,359","2,359",, ,,,,,,,
FAC MGMT,1FTYR1YM7JKA99167,912,78 559S,,2018,Ford,Transit250 ,"13,587","13,587","15,933","2,346","2,346",, ,,,,,,,
FAC MGMT,ZFBERFAB3H6G39115,747,74 160S,,2017,Dodge,Ram Promaster City Van,"15,457","15,457","17,795","2,338","2,338",, ,,,,,,,
FAC MGMT,1N6BD0CTXHN742212,779,74 181S,,2017,Nissan,Frontier P/U ,"20,450","20,450","22,784","2,334","2,334",, ,,,,,,,
FAC MGMT,1GB0YLE75PF112658,1083,84 056S,,2023,Chevrolet,Silverado 2500HD,65,889,"3,221","2,332","3,155",, ,,,,,,,
FAC MGMT,1FTBR1Z81MKA89407,970,80 736S,,2021,Ford,Transit250,"4,001","4,001","6,318","2,317","2,317",, ,,,,,,,
FAC MGMT,1GTH6AEA1F1155104,657,69 917S,,2015,GMC,Canyon,"23,231","23,231","25,543","2,312","2,312", , ,,,,,,,
FAC MGMT,NM0LS7S25P1559933,1071,84 077S,,2023,Ford,Transit Connect,4,4,"2,315","2,311","2,311",, ,,,,,,,
FAC MGMT,1FTYR1ZM1JKA89815,913,78 560S,,2018,Ford,Transit250,"22,328","22,328","24,621","2,293","2,293",, ,,,,,,,
FAC MGMT,1FTMF1E51LKE10695,925,78 580S,,2020,Ford,F150 P/U,"10,002","10,002","12,282","2,280","2,280",, ,,,,,,,
FAC MGMT,1N6BD0CT9HN760555,917,78 556S,,2017,Nissan,Frontier 4x2,"27,846","27,846","30,120","2,274","2,274",, ,,,,,,,
FAC MGMT,NM0LS7S26N1540286,993,83 423S,,2022,Ford,Transit Connect XL,"1,660","1,660","3,929","2,269","2,269",, ,,,,,,,
FAC MGMT,NM0LS7S29N1540329,994,83 422S,,2022,Ford,Transit Connect XL,"1,900","1,900","4,155","2,255","2,255",, ,,,,,,,
FAC MGMT,1GT01REG3HZ237225,733,73 136S,,2017,GMC,Sierra P/U 2WD Reg Cab,"15,807","15,807","18,058","2,251","2,251", , ,,,,,,,
FAC MGMT,1N6AD0CW0HN755024,780,74 182S,,2017,Nissan,Frontier P/U 4x4,"23,130","23,130","25,362","2,232","2,232",, ,,,,,,,
FAC MGMT,1GC0KUEG4FZ103210,666,70 473S,,2015,Chevrolet,Silverado 2500,"16,264","16,264","18,477","2,214","2,214", , ,,,,,,,
FAC MGMT,1FDUF5GNXMDA04792,975,80 717S,,2021,Ford,F550 4x2 Reg. Cab Utility Body Truck,"7,798","7,798","9,988","2,191","2,191",, ,,,,,,,
FAC MGMT,1N6ED1EK3NN643248,1101,84 084S,,2022,Nissan,Frontier SV,91,"10,697","12,881","2,184","12,790",, ,,,,,,,
FAC MGMT,1GC4KYCG3FF649865,660,69 919S,,2015,Chevrolet,Silverado Crew Cab,"24,231","24,231","26,411","2,180","2,180", , ,,,,,,,
FAC MGMT,3GCNWAEF3MG367287,1048,83 414S,,2021,Chevrolet,Silverado 1500 P/U,"17,456","17,456","19,636","2,180","2,180",, ,,,,,,,
FAC MGMT,1FTBF2A68HEE58258,703,74 162S,,2017,Ford,F250 w/tommy gate lift gate,"26,242","26,242","28,415","2,172","2,172", , ,,,,,,,
FAC MGMT,NM0GS9E24K1417090,896,76 549S,,2019,Ford,Transit Connect,"8,869","8,869","11,032","2,163","2,163",, ,,,,,,,
FAC MGMT,1GAWGFFG2H1136948,773,74 185S,,2017,Chevrolet,Express 2500       12-Pass Van,"42,603","42,603","44,757","2,154","2,154",, ,,,,,,,
FAC MGMT,1GB0CVCG3CF150414,548,63 683S,,2012,Chevrolet,Silverado 2500HD Reg. Cab Utility Body,"38,582","38,582","40,730","2,148","2,148", , ,,,,,,,
FAC MGMT,1GTH5BEA6G1112498,659,69 938S,,2016,GMC,Canyon Ext Cab,"19,384","19,384","21,520","2,135","2,135", , ,,,,,,,
FAC MGMT,1FTYR1CM9GKB14042,714,73 115S,,2016,Ford,Transit Van,"15,524","15,524","17,659","2,135","2,135", , ,,,,,,,
FAC MGMT,1FDNF6AY8JDF02255,788,74 195S,,2018,Ford,F650 w/switch & go body,"10,084","10,084","12,210","2,125","2,125",, ,,,,,,,
FAC MGMT,NM0LS7S27N1540345,1008,83 415S,,2022,Ford,Transit Connect XL,"1,255","1,255","3,374","2,119","2,119",, ,,,,,,,
FAC MGMT,NM0GS9F76J1360853,833,75 642S,,2018,Ford,Transit Connect XLT (LWB) Van,"8,773","8,773","10,880","2,106","2,106",, ,,,,,,,
FAC MGMT,1N4AZ1CP3JC303675,867,75 649S,,2018,Nissan,Leaf SV,"5,481","5,481","7,584","2,103","2,103",, ,,,,,,,
FAC MGMT,1FDUF4HY6HEB86123,723,73 125S,,2017,Ford,F450 4x4 Reg Chasis Cab,"19,513","19,513","21,615","2,101","2,101", , ,,,,,,,
FAC MGMT,1N6ED1CL1PN660113,1087,84 076S,,2023,Nissan,Frontier 2x4,186,186,"2,283","2,097","2,097",, ,,,,,,,
FAC MGMT,1FTBR1Y87MKA77246,1086,84 062S,,2021,Ford,Transit250 Low Roof Cargo Van,"16,886","17,097","19,193","2,096","2,307",, ,,,,,,,
FAC MGMT,NM0AE8F75G1241496,675,71 054S,,2016,Ford,Transit Connect XLT Wagon,"12,258","12,258","14,348","2,090","2,090", , ,,,,,,,
FAC MGMT,1GCWGAFP1P1218954,1108,84 088S,,2023,Chevrolet,Express cargo van,10,10,"2,098","2,088","2,088",, ,,,,,,,
FAC MGMT,NM0LS7E72G1272296,722,73 119S,,2016,Ford,Transit Connect XL Van LWB,"15,854","15,854","17,935","2,081","2,081", , ,,,,,,,
FAC MGMT,1GCCSBF92C8115309,538,62 672S,,2012,Chevrolet,Colorado P/U,"31,285","31,285","33,345","2,059","2,059", , ,,,,,,,
FAC MGMT,1N6BD0CT4HN745526,861,75 644S,,2017,Nissan,Frontier              King Cab 4x2,"17,327","17,327","19,377","2,050","2,050",, ,,,,,,,
FAC MGMT,1FTBF2AAXPED40781,1114,84 094S,,2023,Ford,F250,148,148,"2,194","2,046","2,046",,,,,,,,,
FAC MGMT,1FTBF2AA7PEC90860,1054,84 070S,,2023,Ford,F250 2x4 enclosed Utility Body,169,169,"2,208","2,039","2,039",, ,,,,,,,
FAC MGMT,1N6ED0CE9MN721845,982,80 732S,,2021,Nissan,Frontier SV,"3,863","3,863","5,898","2,035","2,035",, ,,,,,,,
FAC MGMT,1GT11REG5GF278220,702,72 790S,,2016,GMC,Sierra Crew Cab w/liftgate,"16,851","16,851","18,880","2,029","2,029", , ,,,,,,,
FAC MGMT,1FTBR1Y85MKA26635,1100,84 079S,,2021,Ford,Transit 250,"22,900","22,900","24,924","2,024","2,024",, ,,,,,,,
FAC MGMT,1FTYR1ZM9GKA30410,741,73 146S,,2016,Ford,Transit 250 Cargo Van,"28,561","28,561","30,576","2,015","2,015",, ,,,,,,,
FAC MGMT,1FTEX1EB8NKF27121,1059,83 435S,,2022,Ford,F150 4x4 SuperCrew,949,949,"2,960","2,011","2,011",, ,,,,,,,
FAC MGMT,1GTH5BEA8G1383479,709,73 106S,,2016,GMC,Canyon,"15,976","15,976","17,976","2,000","2,000", , ,,,,,,,
FAC MGMT,1FTYR1ZM7JKA65440,907,76 546S,,2018,Ford,Transit250 Low Roof Cargo Van,"19,951","19,951","21,942","1,991","1,991",, ,,,,,,,
FAC MGMT,1N4AZ1CP9JC311506,886,76 527S,,2018,Nissan,Leaf SV,"6,112","6,112","8,102","1,990","1,990",, ,,,,,,,
FAC MGMT,NM0LS7DNXDT164122,587,67 450S,,2013,Ford,Transit Connect XLT,"20,989","20,989","22,974","1,985","1,985", , ,,,,,,,
FAC MGMT,NM0LS7E7XG1269999,725,73 126S,,2016,Ford,Transit Connect XL Van LWB,"8,836","8,836","10,798","1,962","1,962", , ,,,,,,,
FAC MGMT,1N6BD0CT4JN766303,930,78 575S,,2018,Nissan,Frontier S,"9,795","9,795","11,750","1,955","1,955",, ,,,,,,,
FAC MGMT,1FT7X2AA4PEE16627,1053,84 089S,,2023,Ford,F251,127,127,"2,044","1,917","1,917",, ,,,,,,,
FAC MGMT,3N6CM0KN2HK694301,869,76 507S,,2017,Nissan,NV200 S cargo van,"6,130","6,130","8,046","1,916","1,916",, ,,,,,,,
FAC MGMT,1GB0CVCG0CF184181,545,63 684S,,2012,Chevrolet,Silverado 2500HD Reg. Cab Utility Body,"31,414","31,414","33,306","1,892","1,892", , ,,,,,,,
FAC MGMT,1GC5YLE76NF312270,1051,83 416S,,2022,Chevrolet,Silverado 2500 4WD,895,895,"2,781","1,885","1,885",, ,,,,,,,
FAC MGMT,NM0LS7E73H1335293,785,74 190S,,2017,Ford,Transit Connect XL Cargo Van,"10,020","10,020","11,903","1,882","1,882",, ,,,,,,,
FAC MGMT,1GB3CZCG5BF260156,521,62 148S,,2011,Chevrolet,Silverado 3500 P/U,"35,904","35,904","37,757","1,853","1,853", , ,,,,,,,
FAC MGMT,1FTBR1Y80MKA44122,1099,84 078S,,2021,Ford,Transit 250,"19,646","19,646","21,497","1,851","1,851",, ,,,,,,,
FAC MGMT,3C6TRVDG0HE516277,744,74 153S,,2017,Dodge,Ram Promaster Van,"39,634","39,634","41,480","1,846","1,846",, ,,,,,,,
FAC MGMT,1GCWGFBA5E1115435,580,65 846S,,2014,Chevrolet,Express Cargo Van,"32,229","32,229","34,065","1,836","1,836", , ,,,,,,,
FAC MGMT,1FMCU9BZ5NUA84507,987,83 409S,,2022,Ford,Escape Hybrid,"1,703","1,703","3,534","1,831","1,831",, ,,,,,,,
FAC MGMT,1FT7W2AA6PEE21976,1063,84 091S,,2023,Ford,F250,3,3,"1,796","1,793","1,793",, ,,,,,,,
FAC MGMT,1FTBF2A66JEC65323,818,75 618S,,2018,Ford,F250 4x2 w/lift gate,"9,383","9,383","11,149","1,765","1,765",, ,,,,,,,
FAC MGMT,1GCGTBF93C8114751,526,62 306S,,2012,Chevrolet,Colorado P/U,"19,555","19,555","21,302","1,747","1,747", , ,,,,,,,
FAC MGMT,1GTN1LEC4GZ904558 ,752,74 164S,,2016,GMC,Sierra 1500 P/U,"25,128","25,128","26,859","1,731","1,731",, ,,,,,,,
FAC MGMT,NM0LS6S20P1560482,1103,84 080S,,2023,Ford,Transit Connect,91,91,"1,793","1,702","1,702",, ,,,,,,,
FAC MGMT,NM0GE9E21N1543984,1067,83 445S,,2022,Ford,Transit Connect XL Wagon LWB,672,672,"2,367","1,696","1,695",, ,,,,,,,
FAC MGMT,NM0LS7S20N1540350,1011,83 419S,,2022,Ford,Transit Connect XL,"1,079","1,079","2,769","1,689","1,689",, ,,,,,,,
FAC MGMT,1FTMF1E58JKC65751,762,74 168S,,2018,Ford,F150 P/U,"14,249","14,249","15,923","1,674","1,674",, ,,,,,,,
FAC MGMT,1GD01ZCG0DF152854,565,64 332S,,2013,GMC,Sierra 2500 HD,"40,586","40,586","42,259","1,673","1,673", , ,,,,,,,
FAC MGMT,1FTEX1EBXMKE46460,971,80 728S,,2021,Ford,F150 Ext Cab,"5,484","5,484","7,149","1,665","1,665",, ,,,,,,,
FAC MGMT,1GC1CUEG9GF199758,681,71 970S,,2016,Chevrolet,Silverado 2500,"18,484","18,484","20,143","1,659","1,659", , ,,,,,,,
FAC MGMT,1FTYR1CM0GKA94831,727,73 128S,,2016,Ford,Transit 250 Van,"14,607","14,607","16,224","1,617","1,617", , ,,,,,,,
FAC MGMT,3C6TRVDG6HE512539,763,74 173S,,2017,Dodge,Ram 2500 High Roof Cargo Van,"26,623","26,623","28,236","1,613","1,613",, ,,,,,,,
FAC MGMT,1GD01ZCG6CF133515,532,62 656S,,2012,GMC,Sierra C2500 HD P/U Utility Body,"36,987","36,987","38,597","1,610","1,610", , ,,,,,,,
FAC MGMT,1GTW7AFP9M1288861,986,80 740S,,2021,GMC,Savana 2500,"2,758","2,758","4,351","1,593","1,593",, ,,,,,,,
FAC MGMT,1GTH5BEA3K1138727,892,76 537S,,2019,GMC,Canyon 2WD      Ext Cab,"10,778","10,778","12,370","1,593","1,593",, ,,,,,,,
FAC MGMT,1FTNF20588ED38336,442,56 185S,,2008,Ford,F250 P/U,"78,776","78,776","80,365","1,589","1,589", , ,,,,,,,
FAC MGMT,3N63M0ZN2HK719705,824,75 617S,,2017,Chevrolet,City Express          cargo van,"6,536","6,536","8,077","1,541","1,541",, ,,,,,,,
FAC MGMT,1GB0CVCG1DF184790,569,65 775S,,2013,Chevrolet,Silverado 2500HD Utility Body,"34,431","34,431","35,947","1,516","1,516", , ,,,,,,,
FAC MGMT,NM0LS7E79J1368983,819,75 614S,,2018,Ford,Transit Connect XL LWB Van,"7,114","7,114","8,612","1,498","1,498",, ,,,,,,,
FAC MGMT,3N6CM0KN9KK705365,890,76 535S,,2019,Nissan,NV200 S cargo van,"4,448","4,448","5,934","1,486","1,486",, ,,,,,,,
FAC MGMT,1FM5K8B87FGA41755,600,68 110S,,2015,Ford,Explorer,"15,352","15,352","16,835","1,483","1,483", , ,,,,,,,
FAC MGMT,3N6CM0KN1LK708729,945,80 707S,,2020,Nissan,NV200 Cargo Van,"3,570","3,570","5,050","1,480","1,480",, ,,,,,,,
FAC MGMT,1GCSGAFX9E1162337,585,67 451S,,2014,Chevrolet,Express 1500 Van,"36,937","36,937","38,410","1,473","1,473", , ,,,,,,,
FAC MGMT,1FMCU9BZ1NUA98694,1001,83 403S,,2022,Ford,Escape FHEV,"1,359","1,359","2,826","1,467","1,467",, ,,,,,,,
FAC MGMT,1FTEX1EP1NKF31166,1058,83 436S,,2022,Ford,F150 4x4 SuperCrew,247,762,"2,225","1,464","1,979",, ,,,,,,,
FAC MGMT,1GTP9BEK9NZ168054,1004,82 389S,,2022,GMC,Sierra1500 SLE,"2,592","2,592","4,055","1,463","1,463",, ,,,,,,,
FAC MGMT,1GB3CYCGXJZ250407,784,74 187S,,2018,Chevrolet,Silverado 3500 P/U,"7,194","7,194","8,654","1,460","1,460",, ,,,,,,,
FAC MGMT,NM0LS7E71F1187836,647,68 199S,,2015,Ford,Transit Connect XL Van,"13,423","13,423","14,826","1,402","1,402", , ,,,,,,,
FAC MGMT,1GCWGAFP6P1156659,1090,84 082S,,2023,Chevrolet,Express van,9,65,"1,460","1,394","1,451",, ,,,,,,,
FAC MGMT,1FTMF1CBXPKF76339,1117,85 461S,,2023,Ford,F150,92,92,"1,483","1,391","1,391",,,,,,,,,
FAC MGMT,1GCWGAFP4P1156675,1079,84 071S,,2023,Chevrolet,Express cargo van,225,156,"1,545","1,390","1,320",, ,,,,,,,
FAC MGMT,1FMCU0MZ0PUA48364,1064,84 068S,,2023,Ford,Escape Hybrid,2,2,"1,366","1,364","1,364",, ,,,,,,,
FAC MGMT,1FMCU9BZXNUA98743,1016,83 426S,,2022,Ford,Escape Hybrid,"1,674","1,674","3,027","1,353","1,353",, ,,,,,,,
FAC MGMT,1GD312CG9BF248144,503,60 059S,,2011,GMC,Sierra,"24,038","24,038","25,383","1,345","1,345", , ,,,,,,,
FAC MGMT,1FTLR1EE3BPA39219,487,58 800S,,2011,Ford,Ranger P/U,"21,700","21,700","23,016","1,316","1,316", , ,,,,,,,
FAC MGMT,NM0LS7S28P1570084,1068,85 453S,,2023,Ford,Transit Connect,6,6,"1,313","1,307","1,307",, ,,,,,,,
FAC MGMT,1FDUF5GN7MDA08606,946,80 723S,,2021,Ford,F550 Dump Truck 4x2,"2,643","2,643","3,906","1,263","1,263",, ,,,,,,,
FAC MGMT,1FTYE1ZM9GKA99237,679,71 969S,,2016,Ford,Transit,"8,101","8,101","9,340","1,239","1,239", , ,,,,,,,
FAC MGMT,NM0LS7S2XN1540288,990,83 410S,,2022,Ford,Transit,"1,141","1,141","2,366","1,225","1,225",, ,,,,,,,
FAC MGMT,1GD01ZCG2BF221976,500,60 060S,,2011,GMC,Sierra P/U,"52,534","52,534","53,752","1,218","1,218", , ,,,,,,,
FAC MGMT,1N6AD0EV6JN759069,863,75 647S,,2018,Nissan,Frontier V6        Crew Cab 4x4,"6,244","6,244","7,457","1,213","1,213",, ,,,,,,,
FAC MGMT,1FTYR1ZM7HKB10063,830,75 626S,,2018,Ford,Transit 250      cargo van,"20,265","20,265","21,474","1,209","1,209",, ,,,,,,,
FAC MGMT,1FTER4FHXPLE34791,1092,84 072S,,2023,Ford,Ranger 4x4,56,56,"1,261","1,205","1,205",, ,,,,,,,
FAC MGMT,NM0LS7S23P1559932,1070,84 074S,,2023,Ford,Transit Connect,4,4,"1,183","1,179","1,179",, ,,,,,,,
FAC MGMT,1GCGSBEA4M1245602,949,80 715S,,2021,Chevrolet,Colorado P/U,"3,382","3,382","4,558","1,177","1,177",, ,,,,,,,
FAC MGMT,1FTBF2B69JEB84315,786,74 189S,,2018,Ford,F250 4x4 P/U w/snow plow,"10,552","10,552","11,705","1,153","1,153",, ,,,,,,,
FAC MGMT,3N63M0YN0FK726313,671,70 495S,,2015,Chevrolet,City Express LS,"9,110","9,110","10,231","1,121","1,121", , ,,,,,,,
FAC MGMT,1GNSHBF46E1164546,584,67 452S,,2014,Chevrolet,Express 1500 Van,"21,592","21,592","22,670","1,078","1,078", , ,,,,,,,
FAC MGMT,NM0GE9E70G1276660,689,71 992S,,2016,Ford,Transit Connect XL Wagon LWB,"10,446","10,446","11,517","1,071","1,071", , ,,,,,,,
FAC MGMT,1GCHTBEN9H1181955,734,73 137S,,2017,Chevrolet,Colorado P/U 4x4,"21,467","21,467","22,537","1,070","1,070", , ,,,,,,,
FAC MGMT,3N6CM0KN7GK699251,889,76 534S,,2016,Nissan,NV200 S cargo van,"25,016","25,016","26,062","1,047","1,047",, ,,,,,,,
FAC MGMT,1FDBF2A61NEC27385,972,80 731S,,2022,Ford,F250,"3,748","3,748","4,764","1,016","1,016",, ,,,,,,,
FAC MGMT,1N4AZ1CP3KC308117,876,76 531S,,2019,Nissan,Leaf SV,"4,461","4,461","5,465","1,004","1,004",, ,,,,,,,
FAC MGMT,3N63M0ZN2HK720353,759,74 166S,,2017,Chevrolet,City Express Van,"5,540","5,540","6,538",998,998,, ,,,,,,,
FAC MGMT,1N4AZ1CPXKC308633,877,76 532S,,2019,Nissan,Leaf S,"3,351","3,351","4,320",969,969,, ,,,,,,,
FAC MGMT,1GTW7AFP8N1255741,1026,83 437S,,2022,GMC,Savana 2500,833,833,"1,796",963,963,, ,,,,,,,
FAC MGMT,1GTW7AFF3H1117939,750,74 158S,,2017,GMC,Savana Van,"8,372","8,372","9,331",959,959,, ,,,,,,,
FAC MGMT,NM0LS6BN8CT089965,542,62 681S,,2012,Ford,Transit Connect XLT Van,"17,290","17,290","18,247",957,957, , ,,,,,,,
FAC MGMT,1FTYE1ZM0JKA02157,834,75 645S,,2018,Ford,Transit 150 low roof cargo van,"21,309","21,309","22,264",954,954,, ,,,,,,,
FAC MGMT,1FM5K8B8XJGB04887,787,74 193S,,2018,Ford,Explorer,"9,498","9,498","10,442",944,944,, ,,,,,,,
FAC MGMT,1FMCU0MZ0PUA30138,1056,84 069S,,2023,Ford,Escape Hybrid,16,16,958,942,942,, ,,,,,,,
FAC MGMT,1N6BD0CT2EN740014,599,68 111S,,2014,Nissan,Frontier S,"21,661","21,661","22,602",941,941, , ,,,,,,,
FAC MGMT,NM0LS7S28N1540337,991,83 424S,,2022,Ford,Transit Connect XL,891,891,"1,824",933,933,, ,,,,,,,
FAC MGMT,1N4AZ1CP7JC312931,789,75 634S,,2018,Nissan,Leaf S,"5,772","5,772","6,672",900,900,, ,,,,,,,
FAC MGMT,1FTBW1YK4PKB59945,1062,84 098S,,2023,Ford,Transit350 Electric,58,58,950,892,892,, ,,,,,,,
FAC MGMT,1GT02VEG3GZ160764,668,70 479S,,2016,GMC,Sierra 3500,"7,431","7,431","8,295",864,864, , ,,,,,,,
FAC MGMT,3N6CM0KN2KK712299,927,78 571S,,2019,Nissan,NV200,"2,821","2,821","3,648",827,827,, ,,,,,,,
FAC MGMT,NM0LS6S25P1565967,958,84 095S,,2023,Ford,Transit Connect,82,0,801,801,719,, ,,,,,,,
FAC MGMT,1FTMF1CB7PKE29766,1093,84 081S,,2023,Ford,F150,116,116,898,782,782,, ,,,,,,,
FAC MGMT,1HTKJPVM3PH735791,1040,84 099S,,2023,Chevrolet,Silverado 6500 4WD w/mulch blower FINN MBH6,3,3,781,778,778,, ,,,,,,,
FAC MGMT,1FT7W2AA1PEC90861,1052,84 065S,,2023,Ford,F250,762,127,893,766,131,, ,,,,,,,
FAC MGMT,1FTRF3BTXNEF61752,983,83 412S,,2022,Ford,F350,536,536,"1,294",759,759,, ,,,,,,,
FAC MGMT,1FD0X5HT1BEC96106,496,60 057S,,2011,Ford,F550 4WD SD SC,"25,017","25,017","25,775",758,758, , ,,,,,,,
FAC MGMT,1E9PB25S2NP363378,1005,5256L,,2022,e-Ride,EXV4,490,490,"1,241",751,751,, ,,,,,,,
FAC MGMT,1FDNF7AY8HDB04186,719,73 122S,,2017,Ford,F750 Dump Truck w/snowblade&salt spreader,"8,773","8,773","9,505",732,732, , ,,,,,,,
FAC MGMT,NM0LS7E2XK1384468,910,78 558S,,2018,Ford,Transit Connect,"2,727","2,727","3,446",720,720,, ,,,,,,,
FAC MGMT,1FVHG3FE3KHKS7792,790,76 516S,,2019,Freightliner,114SD Vactor Pumper Truck,"4,948","4,948","5,667",719,719,, ,,,,,,,
FAC MGMT,1FTBF2A62KEC12569,816,75 628S,,2019,Ford,F250 4x2 w/lift gate,"8,840","8,840","9,559",718,718,, ,,,,,,,
FAC MGMT,NM0LS7S21P1570086,1073,85 456S,,2023,Ford,Transit Connect,2,2,706,704,704,, ,,,,,,,
FAC MGMT,1E9EA15S4JP363168,777,5823L      (low speed),,2018,E-Ride,Patriot Electric LSV,"7,173","7,173","7,867",694,694,, ,,,,,,,
FAC MGMT,1N4BZ1CP7KC320842,969,80 710S,,2019,Nissan,Leaf SV Plus,"11,437","11,437","12,124",687,687,, ,,,,,,,
FAC MGMT,1FMCU0MZ9PUA48475,1057,84 067S,,2023,Ford,Escape Hybrid,53,53,730,677,677,, ,,,,,,,
FAC MGMT,1N4BZ1CP4KC313072,966,80 711S,,2019,Nissan,Leaf SV Plus,"4,730","4,730","5,400",670,670,, ,,,,,,,
FAC MGMT,1GCHC23U97F198170,426,54 649S,,2007,Chevrolet,Silverado P/U,"52,450","52,450","53,096",646,646, , ,,,,,,,
FAC MGMT,1E9PB25S7NP363358,1021,5257L,,2022,e-Ride,EXV4 Patriot,317,317,937,620,620,, ,,,,,,,
FAC MGMT,1GCWGAFP7P1218926,1106,84 086S,,2023,Chevrolet,Express cargo van,10,10,613,603,603,, ,,,,,,,
FAC MGMT,1C4NJDBB6GD581581,677,71 098S,,2016,Jeep,Compass Sport,"19,532","19,532","20,105",573,573, , ,,,,,,,
FAC MGMT,NM0LS7BN0DT170398,588,76 541S,,2013,Ford,Transit Connect XLT,"26,959","26,959","27,530",571,571, , ,,,,,,,
FAC MGMT,NM0LS7S27P1570089,1076,85 459S,,2023,Ford,Transit Connect,2,2,529,527,527,, ,,,,,,,
FAC MGMT,1FDUF4HN1PDA13037,959,84 097S,,2023,Ford,F450,3,3,511,508,508,, ,,,,,,,
FAC MGMT,NM0LS7S22P1570081,1074,85 457S,,2023,Ford,Transit Connect,2,2,428,426,426,, ,,,,,,,
FAC MGMT,1GDP7F13X7F419319,433,50 281S,,2007,GMC,"T7500 Cab, Chassis & Mulch Blower","16,420","16,420","16,810",390,390, , ,,,,,,,
FAC MGMT,NM0LS7S23P1570090,1075,85 458S,,2023,Ford,Transit Connect,2,2,379,377,377,, ,,,,,,,
FAC MGMT,NM0LS7S24P1570082,1077,85 460S,,2023,Ford,Transit Connect,6,6,374,368,368,, ,,,,,,,
FAC MGMT,1E9EB25S7JP363197,836,5828L,,2019,E-Ride Industries,EXV4 Patriot,"2,499","2,499","2,859",360,360,, ,,,,,,,
FAC MGMT,1FDWE3FS6HDC32205,831,75 627S,,2017,Ford,E350 15' Box Van,"26,513","26,513","26,854",341,341,, ,,,,,,,
FAC MGMT,1HSLRTVN8EHA57283,123,28 632S,,1984,International,S1900 Truck Tractor,865,"214,496","214,833",337,"213,968",Yes, ,,,,,,,
FAC MGMT,NM0KS9CN6BT059213,518,60 071S,,2011,Ford,Transit Connect Wagon,"15,507","15,507","15,702",195,195, , ,,,,,,,
FAC MGMT,1FTMF1CBXPKF76079,1116,85 451S,,2023,Ford,F150,95,95,239,144,144,,,,,,,,,
FAC MGMT,1FVHCYCY5EHFR8547,593,67 490S,,2014,Freightliner,Crane Truck,"7,354","7,354","7,459",105,105, , ,,,,,,,
FAC MGMT,NM0LS7S26P1570942,1122,85 467S,,2023,Ford,Transit Connect,2,2,93,91,91,,,,,,,,,
FAC MGMT,NM0LS6BN6CT082206,536,62 673S,,2012,Ford,Transit Connect XLT Van,"33,597","33,597","33,687",90,90, , ,,,,,,,
FAC MGMT,NM0LS7S26P1570949,1124,85 469S,,2023,Ford,Transit Connect,5,5,93,88,88,,,,,,,,,
FAC MGMT,NM0LS7S26P1570083,1072,85 455S,,2023,Ford,Transit Connect,2,2,90,88,88,, ,,,,,,,
FAC MGMT,NM0LS7S26P1570939,1123,85 468S,,2023,Ford,Transit Connect,4,4,80,76,76,,,,,,,,,
FAC MGMT,NM0LS7S25P1570088,1069,85 454S,,2023,Ford,Transit Connect,6,6,78,72,72,, ,,,,,,,
FAC MGMT,1GCWGAFP4P1219144,1107,84 087S,,2023,Chevrolet,Express cargo van,4,4,27,23,23,, ,,,,,,,
FAC MGMT,1GTW7AFP7R1102824,1096,86-246S,,2024,GMC,Savana 2500,2,2,8,6,6,, ,,,,,,,
FAC MGMT,2G1WA5E31F1136845,650,68 867S,,2015,Chevrolet,Impala,"9,490","9,490","9,495",5,5, , ,DISPOSED,,,,,,
,,,,,,,Total,,,,182,"1,079,568",,,,,,,,,
,,,,,,,,,,,,,,,,,,,,,
,,,,,,,,,,,,,,,,,,,,,
,,,,,,,,,,,,,,,,,,,,,
,,,,,,,,,,,,,,,,,,,,,
,,,,,,,,,,,,,,,,,,,,,
,,,,,,,,,,,,,,,,,,,,,
,,,,,,,,,,,,,,,,,,,,,
,,,,,,,,,,,,,,,,,,,,,
,,,,,,,,,,,,,,,,,,,,,
,,,,,,,,,,,,,,,,,,,,,
,,,,,,,,,,,,,,,,,,,,,
,,,,,,,,,,,,,,,,,,,,,
,,,,,,,,,,,,,,,,,,,,,
,,,,,,,,,,,,,,,,,,,,,
,,,,,,,,,,,,,,,,,,,,,
,,,,,,,,,,,,,,,,,,,,,
,,,,,,,,,,,,,,,,,,,,,
,,,,,,,,,,,,,,,,,,,,,
,,,,,,,,,,,,,,,,,,,,,
,,,,,,,,,,,,,,,,,,,,,
,,,,,,,,,,,,,,,,,,,,,
,,,,,,,,,,,,,,,,,,,,,
,,,,,,,,,,,,,,,,,,,,,
,,,,,,,,,,,,,,,,,,,,,
,,,,,,,,,,,,,,,,,,,,,
,,,,,,,,,,,,,,,,,,,,,
,,,,,,,,,,,,,,,,,,,,,
,,,,,,,,,,,,,,,,,,,,,
,,,,,,,,,,,,,,,,,,,,,
,,,,,,,,,,,,,,,,,,,,,
,,,,,,,,,,,,,,,,,,,,,
,,,,,,,,,,,,,,,,,,,,,
,,,,,,,,,,,,,,,,,,,,,
,,,,,,,,,,,,,,,,,,,,,
,,,,,,,,,,,,,,,,,,,,,
,,,,,,,,,,,,,,,,,,,,,
,,,,,,,,,,,,,,,,,,,,,
,,,,,,,,,,,,,,,,,,,,,
,,,,,,,,,,,,,,,,,,,,,
,,,,,,,,,,,,,,,,,,,,,
,,,,,,,,,,,,,,,,,,,,,
,,,,,,,,,,,,,,,,,,,,,
,,,,,,,,,,,,,,,,,,,,,
,,,,,,,,,,,,,,,,,,,,,
,,,,,,,,,,,,,,,,,,,,,
,,,,,,,,,,,,,,,,,,,,,
,,,,,,,,,,,,,,,,,,,,,
,,,,,,,,,,,,,,,,,,,,,
,,,,,,,,,,,,,,,,,,,,,
,,,,,,,,,,,,,,,,,,,,,
,,,,,,,,,,,,,,,,,,,,,
,,,,,,,,,,,,,,,,,,,,,
,,,,,,,,,,,,,,,,,,,,,
,,,,,,,,,,,,,,,,,,,,,
,,,,,,,,,,,,,,,,,,,,,
,,,,,,,,,,,,,,,,,,,,,
,,,,,,,,,,,,,,,,,,,,,
,,,,,,,,,,,,,,,,,,,,,
,,,,,,,,,,,,,,,,,,,,,
,,,,,,,,,,,,,,,,,,,,,
,,,,,,,,,,,,,,,,,,,,,
,,,,,,,,,,,,,,,,,,,,,
,,,,,,,,,,,,,,,,,,,,,
,,,,,,,,,,,,,,,,,,,,,
,,,,,,,,,,,,,,,,,,,,,
,,,,,,,,,,,,,,,,,,,,,
,,,,,,,,,,,,,,,,,,,,,
,,,,,,,,,,,,,,,,,,,,,
,,,,,,,,,,,,,,,,,,,,,
,,,,,,,,,,,,,,,,,,,,,
,,,,,,,,,,,,,,,,,,,,,
,,,,,,,,,,,,,,,,,,,,,
,,,,,,,,,,,,,,,,,,,,,
,,,,,,,,,,,,,,,,,,,,,
,,,,,,,,,,,,,,,,,,,,,
,,,,,,,,,,,,,,,,,,,,,
,,,,,,,,,,,,,,,,,,,,,
,,,,,,,,,,,,,,,,,,,,,
,,,,,,,,,,,,,,,,,,,,,
,,,,,,,,,,,,,,,,,,,,,
,,,,,,,,,,,,,,,,,,,,,
,,,,,,,,,,,,,,,,,,,,,
,,,,,,,,,,,,,,,,,,,,,
,,,,,,,,,,,,,,,,,,,,,
,,,,,,,,,,,,,,,,,,,,,
,,,,,,,,,,,,,,,,,,,,,
,,,,,,,,,,,,,,,,,,,,,
,,,,,,,,,,,,,,,,,,,,,
,,,,,,,,,,,,,,,,,,,,,
,,,,,,,,,,,,,,,,,,,,,
,,,,,,,,,,,,,,,,,,,,,
,,,,,,,,,,,,,,,,,,,,,
,,,,,,,,,,,,,,,,,,,,,
,,,,,,,,,,,,,,,,,,,,,
,,,,,,,,,,,,,,,,,,,,,
,,,,,,,,,,,,,,,,,,,,,
,,,,,,,,,,,,,,,,,,,,,
,,,,,,,,,,,,,,,,,,,,,
,,,,,,,,,,,,,,,,,,,,,
,,,,,,,,,,,,,,,,,,,,,
,,,,,,,,,,,,,,,,,,,,,
,,,,,,,,,,,,,,,,,,,,,
,,,,,,,,,,,,,,,,,,,,,
,,,,,,,,,,,,,,,,,,,,,
,,,,,,,,,,,,,,,,,,,,,
,,,,,,,,,,,,,,,,,,,,,
,,,,,,,,,,,,,,,,,,,,,
,,,,,,,,,,,,,,,,,,,,,
,,,,,,,,,,,,,,,,,,,,,
,,,,,,,,,,,,,,,,,,,,,
,,,,,,,,,,,,,,,,,,,,,
,,,,,,,,,,,,,,,,,,,,,
,,,,,,,,,,,,,,,,,,,,,
,,,,,,,,,,,,,,,,,,,,,
,,,,,,,,,,,,,,,,,,,,,
,,,,,,,,,,,,,,,,,,,,,
,,,,,,,,,,,,,,,,,,,,,
,,,,,,,,,,,,,,,,,,,,,
,,,,,,,,,,,,,,,,,,,,,
,,,,,,,,,,,,,,,,,,,,,
,,,,,,,,,,,,,,,,,,,,,
,,,,,,,,,,,,,,,,,,,,,
,,,,,,,,,,,,,,,,,,,,,
,,,,,,,,,,,,,,,,,,,,,
,,,,,,,,,,,,,,,,,,,,,
,,,,,,,,,,,,,,,,,,,,,
,,,,,,,,,,,,,,,,,,,,,
,,,,,,,,,,,,,,,,,,,,,
,,,,,,,,,,,,,,,,,,,,,
,,,,,,,,,,,,,,,,,,,,,
,,,,,,,,,,,,,,,,,,,,,
,,,,,,,,,,,,,,,,,,,,,
,,,,,,,,,,,,,,,,,,,,,
,,,,,,,,,,,,,,,,,,,,,
,,,,,,,,,,,,,,,,,,,,,
,,,,,,,,,,,,,,,,,,,,,
,,,,,,,,,,,,,,,,,,,,,
,,,,,,,,,,,,,,,,,,,,,
,,,,,,,,,,,,,,,,,,,,,
,,,,,,,,,,,,,,,,,,,,,
,,,,,,,,,,,,,,,,,,,,,
,,,,,,,,,,,,,,,,,,,,,
,,,,,,,,,,,,,,,,,,,,,
,,,,,,,,,,,,,,,,,,,,,
,,,,,,,,,,,,,,,,,,,,,
,,,,,,,,,,,,,,,,,,,,,
,,,,,,,,,,,,,,,,,,,,,
,,,,,,,,,,,,,,,,,,,,,
,,,,,,,,,,,,,,,,,,,,,
,,,,,,,,,,,,,,,,,,,,,
,,,,,,,,,,,,,,,,,,,,,
,,,,,,,,,,,,,,,,,,,,,
,,,,,,,,,,,,,,,,,,,,,
,,,,,,,,,,,,,,,,,,,,,
,,,,,,,,,,,,,,,,,,,,,
,,,,,,,,,,,,,,,,,,,,,
,,,,,,,,,,,,,,,,,,,,,
,,,,,,,,,,,,,,,,,,,,,
,,,,,,,,,,,,,,,,,,,,,
,,,,,,,,,,,,,,,,,,,,,
,,,,,,,,,,,,,,,,,,,,,
,,,,,,,,,,,,,,,,,,,,,
,,,,,,,,,,,,,,,,,,,,,
,,,,,,,,,,,,,,,,,,,,,
,,,,,,,,,,,,,,,,,,,,,
